pair,price,amount,type,timestamp,entry_price,entry_time,status,exit_price,exit_time,pnl,symbol
BTCUSDT,103503.87,1.0,buy,2025-05-15 21:44:16,103503.87,2025-05-14 15:55:00,open,,,,
ETHUSDT,2577.65,1.0,buy,2025-05-15 21:44:16,2577.65,2025-05-14 14:35:00,open,,,,
ETHUSDT,2577.65,1.0,buy,2025-05-15 21:44:16,2577.65,2025-05-14 14:35:00,closed,2589.15,2025-05-15 05:00:00,11.5,
ETHUSDT,2568.97,1.0,buy,2025-05-15 21:44:16,2568.97,2025-05-15 06:00:00,open,,,,
ETHUSDT,2568.97,1.0,buy,2025-05-15 21:44:16,2568.97,2025-05-15 06:00:00,closed,2564.82,2025-05-15 08:55:00,-4.149999999999636,
ETHUSDT,2560.13,1.0,buy,2025-05-15 21:44:16,2560.13,2025-05-15 09:00:00,open,,,,
XRPUSDT,2.5373,1.0,buy,2025-05-15 21:44:16,2.5373,2025-05-14 16:45:00,open,,,,
XRPUSDT,2.5373,1.0,buy,2025-05-15 21:44:16,2.5373,2025-05-14 16:45:00,closed,2.554,2025-05-14 18:30:00,0.016699999999999715,
XRPUSDT,2.5434,1.0,buy,2025-05-15 21:44:16,2.5434,2025-05-14 23:15:00,open,,,,
XRPUSDT,2.5434,1.0,buy,2025-05-15 21:44:16,2.5434,2025-05-14 23:15:00,closed,2.5664,2025-05-15 00:15:00,0.022999999999999687,
XRPUSDT,2.5484,1.0,buy,2025-05-15 21:44:16,2.5484,2025-05-15 01:25:00,open,,,,
XRPUSDT,2.5484,1.0,buy,2025-05-15 21:44:16,2.5484,2025-05-15 01:25:00,closed,2.5409,2025-05-15 03:00:00,-0.00749999999999984,
XRPUSDT,2.5053,1.0,buy,2025-05-15 21:44:16,2.5053,2025-05-15 05:35:00,open,,,,
XRPUSDT,2.5053,1.0,buy,2025-05-15 21:44:16,2.5053,2025-05-15 05:35:00,closed,2.4933,2025-05-15 08:45:00,-0.01200000000000001,
XRPUSDT,2.4652,1.0,buy,2025-05-15 21:44:16,2.4652,2025-05-15 09:40:00,open,,,,
BNBUSDT,648.75,1.0,buy,2025-05-15 21:44:16,648.75,2025-05-14 17:15:00,open,,,,
BNBUSDT,648.75,1.0,buy,2025-05-15 21:44:16,648.75,2025-05-14 17:15:00,closed,653.87,2025-05-14 18:20:00,5.1200000000000045,
BNBUSDT,652.0,1.0,buy,2025-05-15 21:44:16,652.0,2025-05-14 20:15:00,open,,,,
BNBUSDT,652.0,1.0,buy,2025-05-15 21:44:16,652.0,2025-05-14 20:15:00,closed,653.67,2025-05-15 00:05:00,1.669999999999959,
BNBUSDT,652.11,1.0,buy,2025-05-15 21:44:16,652.11,2025-05-15 01:25:00,open,,,,
BNBUSDT,652.11,1.0,buy,2025-05-15 21:44:16,652.11,2025-05-15 01:25:00,closed,651.61,2025-05-15 04:55:00,-0.5,
BNBUSDT,646.15,1.0,buy,2025-05-15 21:44:16,646.15,2025-05-15 06:40:00,open,,,,
BNBUSDT,646.15,1.0,buy,2025-05-15 21:44:16,646.15,2025-05-15 06:40:00,closed,652.81,2025-05-15 08:25:00,6.659999999999968,
BNBUSDT,648.75,1.0,buy,2025-05-15 21:44:16,648.75,2025-05-15 09:35:00,open,,,,
BNBUSDT,648.75,1.0,buy,2025-05-15 21:44:16,648.75,2025-05-15 09:35:00,closed,652.34,2025-05-15 11:20:00,3.590000000000032,
SOLUSDT,177.48,1.0,buy,2025-05-15 21:44:17,177.48,2025-05-14 14:35:00,open,,,,
SOLUSDT,177.48,1.0,buy,2025-05-15 21:44:17,177.48,2025-05-14 14:35:00,closed,176.51,2025-05-14 18:30:00,-0.9699999999999989,
SOLUSDT,175.97,1.0,buy,2025-05-15 21:44:17,175.97,2025-05-14 23:00:00,open,,,,
SOLUSDT,175.97,1.0,buy,2025-05-15 21:44:17,175.97,2025-05-14 23:00:00,closed,177.14,2025-05-15 00:00:00,1.1699999999999875,
SOLUSDT,176.62,1.0,buy,2025-05-15 21:44:17,176.62,2025-05-15 01:25:00,open,,,,
SOLUSDT,176.62,1.0,buy,2025-05-15 21:44:17,176.62,2025-05-15 01:25:00,closed,176.05,2025-05-15 03:00:00,-0.5699999999999932,
SOLUSDT,174.11,1.0,buy,2025-05-15 21:44:17,174.11,2025-05-15 03:55:00,open,,,,
SOLUSDT,174.11,1.0,buy,2025-05-15 21:44:17,174.11,2025-05-15 03:55:00,closed,172.74,2025-05-15 08:45:00,-1.3700000000000045,
SOLUSDT,170.34,1.0,buy,2025-05-15 21:44:17,170.34,2025-05-15 09:40:00,open,,,,
SOLUSDT,170.34,1.0,buy,2025-05-15 21:44:17,170.34,2025-05-15 09:40:00,closed,170.94,2025-05-15 11:40:00,0.5999999999999943,
USDCUSDT,0.999,1.0,buy,2025-05-15 21:44:17,0.999,2025-05-14 16:15:00,open,,,,
USDCUSDT,0.999,1.0,buy,2025-05-15 21:44:17,0.999,2025-05-14 16:15:00,closed,0.9993,2025-05-14 19:40:00,0.00029999999999996696,
USDCUSDT,0.9992,1.0,buy,2025-05-15 21:44:17,0.9992,2025-05-15 01:05:00,open,,,,
USDCUSDT,0.9992,1.0,buy,2025-05-15 21:44:17,0.9992,2025-05-15 01:05:00,closed,0.9993,2025-05-15 01:35:00,9.999999999998899e-05,
USDCUSDT,0.9991,1.0,buy,2025-05-15 21:44:17,0.9991,2025-05-15 02:00:00,open,,,,
USDCUSDT,0.9991,1.0,buy,2025-05-15 21:44:17,0.9991,2025-05-15 02:00:00,closed,0.9993,2025-05-15 02:15:00,0.00019999999999997797,
USDCUSDT,0.9991,1.0,buy,2025-05-15 21:44:17,0.9991,2025-05-15 02:20:00,open,,,,
USDCUSDT,0.9991,1.0,buy,2025-05-15 21:44:17,0.9991,2025-05-15 02:20:00,closed,0.9993,2025-05-15 04:40:00,0.00019999999999997797,
USDCUSDT,0.9991,1.0,buy,2025-05-15 21:44:17,0.9991,2025-05-15 04:50:00,open,,,,
USDCUSDT,0.9991,1.0,buy,2025-05-15 21:44:17,0.9991,2025-05-15 04:50:00,closed,0.9993,2025-05-15 05:05:00,0.00019999999999997797,
USDCUSDT,0.9991,1.0,buy,2025-05-15 21:44:17,0.9991,2025-05-15 05:50:00,open,,,,
USDCUSDT,0.9991,1.0,buy,2025-05-15 21:44:17,0.9991,2025-05-15 05:50:00,closed,0.9994,2025-05-15 07:15:00,0.00029999999999996696,
DOGEUSDT,0.228887,1.0,buy,2025-05-15 21:44:17,0.228887,2025-05-14 17:20:00,open,,,,
DOGEUSDT,0.228887,1.0,buy,2025-05-15 21:44:17,0.228887,2025-05-14 17:20:00,closed,0.233208,2025-05-14 18:25:00,0.0043209999999999915,
DOGEUSDT,0.231579,1.0,buy,2025-05-15 21:44:17,0.231579,2025-05-14 21:10:00,open,,,,
DOGEUSDT,0.231579,1.0,buy,2025-05-15 21:44:17,0.231579,2025-05-14 21:10:00,closed,0.234076,2025-05-15 00:10:00,0.0024969999999999992,
DOGEUSDT,0.233047,1.0,buy,2025-05-15 21:44:17,0.233047,2025-05-15 01:25:00,open,,,,
DOGEUSDT,0.233047,1.0,buy,2025-05-15 21:44:17,0.233047,2025-05-15 01:25:00,closed,0.234073,2025-05-15 03:00:00,0.0010259999999999991,
DOGEUSDT,0.231873,1.0,buy,2025-05-15 21:44:17,0.231873,2025-05-15 05:25:00,open,,,,
DOGEUSDT,0.231873,1.0,buy,2025-05-15 21:44:17,0.231873,2025-05-15 05:25:00,closed,0.227313,2025-05-15 08:40:00,-0.0045600000000000085,
DOGEUSDT,0.223909,1.0,buy,2025-05-15 21:44:17,0.223909,2025-05-15 10:05:00,open,,,,
DOGEUSDT,0.223909,1.0,buy,2025-05-15 21:44:17,0.223909,2025-05-15 10:05:00,closed,0.226876,2025-05-15 11:40:00,0.0029669999999999974,
ADAUSDT,0.8046,1.0,buy,2025-05-15 21:44:17,0.8046,2025-05-14 14:35:00,open,,,,
ADAUSDT,0.8046,1.0,buy,2025-05-15 21:44:17,0.8046,2025-05-14 14:35:00,closed,0.8097,2025-05-14 16:10:00,0.005099999999999993,
ADAUSDT,0.7952,1.0,buy,2025-05-15 21:44:17,0.7952,2025-05-14 17:10:00,open,,,,
ADAUSDT,0.7952,1.0,buy,2025-05-15 21:44:17,0.7952,2025-05-14 17:10:00,closed,0.8044,2025-05-15 00:10:00,0.009199999999999986,
ADAUSDT,0.7994,1.0,buy,2025-05-15 21:44:17,0.7994,2025-05-15 01:25:00,open,,,,
ADAUSDT,0.7994,1.0,buy,2025-05-15 21:44:17,0.7994,2025-05-15 01:25:00,closed,0.783,2025-05-15 08:50:00,-0.01639999999999997,
ADAUSDT,0.7659,1.0,buy,2025-05-15 21:44:17,0.7659,2025-05-15 09:40:00,open,,,,
TRXUSDT,0.274631,1.0,buy,2025-05-15 21:44:18,0.274631,2025-05-14 14:35:00,open,,,,
TRXUSDT,0.274631,1.0,buy,2025-05-15 21:44:18,0.274631,2025-05-14 14:35:00,closed,0.276838,2025-05-14 18:25:00,0.002206999999999959,
TRXUSDT,0.275567,1.0,buy,2025-05-15 21:44:18,0.275567,2025-05-14 23:10:00,open,,,,
TRXUSDT,0.275567,1.0,buy,2025-05-15 21:44:18,0.275567,2025-05-14 23:10:00,closed,0.27427,2025-05-15 02:45:00,-0.0012969999999999926,
TRXUSDT,0.272476,1.0,buy,2025-05-15 21:44:18,0.272476,2025-05-15 04:15:00,open,,,,
TRXUSDT,0.272476,1.0,buy,2025-05-15 21:44:18,0.272476,2025-05-15 04:15:00,closed,0.27377,2025-05-15 05:40:00,0.0012940000000000174,
TRXUSDT,0.271456,1.0,buy,2025-05-15 21:44:18,0.271456,2025-05-15 06:30:00,open,,,,
TRXUSDT,0.271456,1.0,buy,2025-05-15 21:44:18,0.271456,2025-05-15 06:30:00,closed,0.2708,2025-05-15 08:30:00,-0.0006559999999999899,
TRXUSDT,0.26921,1.0,buy,2025-05-15 21:44:18,0.26921,2025-05-15 09:30:00,open,,,,
TRXUSDT,0.26921,1.0,buy,2025-05-15 21:44:18,0.26921,2025-05-15 09:30:00,closed,0.269211,2025-05-15 11:20:00,9.999999999732445e-07,
SUIUSDT,3.8688,1.0,buy,2025-05-15 21:44:18,3.8688,2025-05-14 16:45:00,open,,,,
SUIUSDT,3.8688,1.0,buy,2025-05-15 21:44:18,3.8688,2025-05-14 16:45:00,closed,3.9172,2025-05-14 17:30:00,0.0484,
SUIUSDT,3.9033,1.0,buy,2025-05-15 21:44:18,3.9033,2025-05-14 22:45:00,open,,,,
SUIUSDT,3.9033,1.0,buy,2025-05-15 21:44:18,3.9033,2025-05-14 22:45:00,closed,3.9437,2025-05-15 00:05:00,0.04039999999999999,
SUIUSDT,3.904,1.0,buy,2025-05-15 21:44:18,3.904,2025-05-15 01:20:00,open,,,,
SUIUSDT,3.904,1.0,buy,2025-05-15 21:44:18,3.904,2025-05-15 01:20:00,closed,3.8848,2025-05-15 03:00:00,-0.019200000000000106,
SUIUSDT,3.8641,1.0,buy,2025-05-15 21:44:18,3.8641,2025-05-15 03:45:00,open,,,,
SUIUSDT,3.8641,1.0,buy,2025-05-15 21:44:18,3.8641,2025-05-15 03:45:00,closed,3.765,2025-05-15 08:40:00,-0.09909999999999997,
SUIUSDT,3.7104,1.0,buy,2025-05-15 21:44:18,3.7104,2025-05-15 09:45:00,open,,,,
BTCUSDT,103503.87,1.0,buy,2025-05-15 21:47:05,103503.87,2025-05-14 15:55:00,open,,,,BTCUSDT
ETHUSDT,2575.37,1.0,buy,2025-05-15 21:47:05,2575.37,2025-05-14 17:10:00,open,,,,ETHUSDT
ETHUSDT,2575.37,1.0,buy,2025-05-15 21:47:05,2575.37,2025-05-14 17:10:00,closed,2603.64,2025-05-14 18:30:00,28.269999999999982,ETHUSDT
ETHUSDT,2590.74,1.0,buy,2025-05-15 21:47:05,2590.74,2025-05-14 21:00:00,open,,,,ETHUSDT
ETHUSDT,2590.74,1.0,buy,2025-05-15 21:47:05,2590.74,2025-05-14 21:00:00,closed,2602.84,2025-05-14 22:20:00,12.100000000000364,ETHUSDT
ETHUSDT,2588.84,1.0,buy,2025-05-15 21:47:05,2588.84,2025-05-14 23:20:00,open,,,,ETHUSDT
ETHUSDT,2588.84,1.0,buy,2025-05-15 21:47:05,2588.84,2025-05-14 23:20:00,closed,2609.35,2025-05-14 23:50:00,20.509999999999764,ETHUSDT
ETHUSDT,2617.89,1.0,buy,2025-05-15 21:47:05,2617.89,2025-05-15 01:25:00,open,,,,ETHUSDT
ETHUSDT,2617.89,1.0,buy,2025-05-15 21:47:05,2617.89,2025-05-15 01:25:00,closed,2589.15,2025-05-15 05:00:00,-28.73999999999978,ETHUSDT
ETHUSDT,2566.98,1.0,buy,2025-05-15 21:47:05,2566.98,2025-05-15 05:50:00,open,,,,ETHUSDT
ETHUSDT,2566.98,1.0,buy,2025-05-15 21:47:05,2566.98,2025-05-15 05:50:00,closed,2564.82,2025-05-15 08:55:00,-2.1599999999998545,ETHUSDT
ETHUSDT,2524.63,1.0,buy,2025-05-15 21:47:05,2524.63,2025-05-15 09:45:00,open,,,,ETHUSDT
ETHUSDT,2524.63,1.0,buy,2025-05-15 21:47:05,2524.63,2025-05-15 09:45:00,closed,2553.59,2025-05-15 11:05:00,28.960000000000036,ETHUSDT
XRPUSDT,2.5373,1.0,buy,2025-05-15 21:47:05,2.5373,2025-05-14 16:45:00,open,,,,XRPUSDT
XRPUSDT,2.5373,1.0,buy,2025-05-15 21:47:05,2.5373,2025-05-14 16:45:00,closed,2.554,2025-05-14 18:30:00,0.016699999999999715,XRPUSDT
XRPUSDT,2.5434,1.0,buy,2025-05-15 21:47:05,2.5434,2025-05-14 23:15:00,open,,,,XRPUSDT
XRPUSDT,2.5434,1.0,buy,2025-05-15 21:47:05,2.5434,2025-05-14 23:15:00,closed,2.5664,2025-05-15 00:15:00,0.022999999999999687,XRPUSDT
XRPUSDT,2.5484,1.0,buy,2025-05-15 21:47:05,2.5484,2025-05-15 01:25:00,open,,,,XRPUSDT
XRPUSDT,2.5484,1.0,buy,2025-05-15 21:47:05,2.5484,2025-05-15 01:25:00,closed,2.5409,2025-05-15 03:00:00,-0.00749999999999984,XRPUSDT
XRPUSDT,2.5053,1.0,buy,2025-05-15 21:47:05,2.5053,2025-05-15 05:35:00,open,,,,XRPUSDT
XRPUSDT,2.5053,1.0,buy,2025-05-15 21:47:05,2.5053,2025-05-15 05:35:00,closed,2.4933,2025-05-15 08:45:00,-0.01200000000000001,XRPUSDT
XRPUSDT,2.4652,1.0,buy,2025-05-15 21:47:05,2.4652,2025-05-15 09:40:00,open,,,,XRPUSDT
BNBUSDT,648.75,1.0,buy,2025-05-15 21:47:05,648.75,2025-05-14 17:15:00,open,,,,BNBUSDT
BNBUSDT,648.75,1.0,buy,2025-05-15 21:47:05,648.75,2025-05-14 17:15:00,closed,653.87,2025-05-14 18:20:00,5.1200000000000045,BNBUSDT
BNBUSDT,652.0,1.0,buy,2025-05-15 21:47:05,652.0,2025-05-14 20:15:00,open,,,,BNBUSDT
BNBUSDT,652.0,1.0,buy,2025-05-15 21:47:05,652.0,2025-05-14 20:15:00,closed,653.67,2025-05-15 00:05:00,1.669999999999959,BNBUSDT
BNBUSDT,652.11,1.0,buy,2025-05-15 21:47:05,652.11,2025-05-15 01:25:00,open,,,,BNBUSDT
BNBUSDT,652.11,1.0,buy,2025-05-15 21:47:05,652.11,2025-05-15 01:25:00,closed,651.61,2025-05-15 04:55:00,-0.5,BNBUSDT
BNBUSDT,646.15,1.0,buy,2025-05-15 21:47:05,646.15,2025-05-15 06:40:00,open,,,,BNBUSDT
BNBUSDT,646.15,1.0,buy,2025-05-15 21:47:05,646.15,2025-05-15 06:40:00,closed,652.81,2025-05-15 08:25:00,6.659999999999968,BNBUSDT
BNBUSDT,648.75,1.0,buy,2025-05-15 21:47:05,648.75,2025-05-15 09:35:00,open,,,,BNBUSDT
BNBUSDT,648.75,1.0,buy,2025-05-15 21:47:05,648.75,2025-05-15 09:35:00,closed,652.34,2025-05-15 11:20:00,3.590000000000032,BNBUSDT
SOLUSDT,177.5,1.0,buy,2025-05-15 21:47:06,177.5,2025-05-14 14:40:00,open,,,,SOLUSDT
SOLUSDT,177.5,1.0,buy,2025-05-15 21:47:06,177.5,2025-05-14 14:40:00,closed,176.51,2025-05-14 18:30:00,-0.9900000000000091,SOLUSDT
SOLUSDT,175.97,1.0,buy,2025-05-15 21:47:06,175.97,2025-05-14 23:00:00,open,,,,SOLUSDT
SOLUSDT,175.97,1.0,buy,2025-05-15 21:47:06,175.97,2025-05-14 23:00:00,closed,177.14,2025-05-15 00:00:00,1.1699999999999875,SOLUSDT
SOLUSDT,176.62,1.0,buy,2025-05-15 21:47:06,176.62,2025-05-15 01:25:00,open,,,,SOLUSDT
SOLUSDT,176.62,1.0,buy,2025-05-15 21:47:06,176.62,2025-05-15 01:25:00,closed,176.05,2025-05-15 03:00:00,-0.5699999999999932,SOLUSDT
SOLUSDT,174.11,1.0,buy,2025-05-15 21:47:06,174.11,2025-05-15 03:55:00,open,,,,SOLUSDT
SOLUSDT,174.11,1.0,buy,2025-05-15 21:47:06,174.11,2025-05-15 03:55:00,closed,172.74,2025-05-15 08:45:00,-1.3700000000000045,SOLUSDT
SOLUSDT,170.34,1.0,buy,2025-05-15 21:47:06,170.34,2025-05-15 09:40:00,open,,,,SOLUSDT
SOLUSDT,170.34,1.0,buy,2025-05-15 21:47:06,170.34,2025-05-15 09:40:00,closed,170.81,2025-05-15 11:40:00,0.46999999999999886,SOLUSDT
USDCUSDT,0.999,1.0,buy,2025-05-15 21:47:06,0.999,2025-05-14 16:15:00,open,,,,USDCUSDT
USDCUSDT,0.999,1.0,buy,2025-05-15 21:47:06,0.999,2025-05-14 16:15:00,closed,0.9993,2025-05-14 19:40:00,0.00029999999999996696,USDCUSDT
USDCUSDT,0.9992,1.0,buy,2025-05-15 21:47:06,0.9992,2025-05-15 01:05:00,open,,,,USDCUSDT
USDCUSDT,0.9992,1.0,buy,2025-05-15 21:47:06,0.9992,2025-05-15 01:05:00,closed,0.9993,2025-05-15 01:35:00,9.999999999998899e-05,USDCUSDT
USDCUSDT,0.9991,1.0,buy,2025-05-15 21:47:06,0.9991,2025-05-15 02:00:00,open,,,,USDCUSDT
USDCUSDT,0.9991,1.0,buy,2025-05-15 21:47:06,0.9991,2025-05-15 02:00:00,closed,0.9993,2025-05-15 02:15:00,0.00019999999999997797,USDCUSDT
USDCUSDT,0.9991,1.0,buy,2025-05-15 21:47:06,0.9991,2025-05-15 02:20:00,open,,,,USDCUSDT
USDCUSDT,0.9991,1.0,buy,2025-05-15 21:47:06,0.9991,2025-05-15 02:20:00,closed,0.9993,2025-05-15 04:40:00,0.00019999999999997797,USDCUSDT
USDCUSDT,0.9991,1.0,buy,2025-05-15 21:47:06,0.9991,2025-05-15 04:50:00,open,,,,USDCUSDT
USDCUSDT,0.9991,1.0,buy,2025-05-15 21:47:06,0.9991,2025-05-15 04:50:00,closed,0.9993,2025-05-15 05:05:00,0.00019999999999997797,USDCUSDT
USDCUSDT,0.9991,1.0,buy,2025-05-15 21:47:06,0.9991,2025-05-15 05:50:00,open,,,,USDCUSDT
USDCUSDT,0.9991,1.0,buy,2025-05-15 21:47:06,0.9991,2025-05-15 05:50:00,closed,0.9994,2025-05-15 07:15:00,0.00029999999999996696,USDCUSDT
DOGEUSDT,0.228887,1.0,buy,2025-05-15 21:47:06,0.228887,2025-05-14 17:20:00,open,,,,DOGEUSDT
DOGEUSDT,0.228887,1.0,buy,2025-05-15 21:47:06,0.228887,2025-05-14 17:20:00,closed,0.233208,2025-05-14 18:25:00,0.0043209999999999915,DOGEUSDT
DOGEUSDT,0.231579,1.0,buy,2025-05-15 21:47:06,0.231579,2025-05-14 21:10:00,open,,,,DOGEUSDT
DOGEUSDT,0.231579,1.0,buy,2025-05-15 21:47:06,0.231579,2025-05-14 21:10:00,closed,0.234076,2025-05-15 00:10:00,0.0024969999999999992,DOGEUSDT
DOGEUSDT,0.233047,1.0,buy,2025-05-15 21:47:06,0.233047,2025-05-15 01:25:00,open,,,,DOGEUSDT
DOGEUSDT,0.233047,1.0,buy,2025-05-15 21:47:06,0.233047,2025-05-15 01:25:00,closed,0.234073,2025-05-15 03:00:00,0.0010259999999999991,DOGEUSDT
DOGEUSDT,0.231873,1.0,buy,2025-05-15 21:47:06,0.231873,2025-05-15 05:25:00,open,,,,DOGEUSDT
DOGEUSDT,0.231873,1.0,buy,2025-05-15 21:47:06,0.231873,2025-05-15 05:25:00,closed,0.227313,2025-05-15 08:40:00,-0.0045600000000000085,DOGEUSDT
DOGEUSDT,0.223909,1.0,buy,2025-05-15 21:47:06,0.223909,2025-05-15 10:05:00,open,,,,DOGEUSDT
DOGEUSDT,0.223909,1.0,buy,2025-05-15 21:47:06,0.223909,2025-05-15 10:05:00,closed,0.226583,2025-05-15 11:40:00,0.0026740000000000097,DOGEUSDT
ADAUSDT,0.8065,1.0,buy,2025-05-15 21:47:06,0.8065,2025-05-14 14:40:00,open,,,,ADAUSDT
ADAUSDT,0.8065,1.0,buy,2025-05-15 21:47:06,0.8065,2025-05-14 14:40:00,closed,0.8097,2025-05-14 16:10:00,0.0031999999999999806,ADAUSDT
ADAUSDT,0.7952,1.0,buy,2025-05-15 21:47:06,0.7952,2025-05-14 17:10:00,open,,,,ADAUSDT
ADAUSDT,0.7952,1.0,buy,2025-05-15 21:47:06,0.7952,2025-05-14 17:10:00,closed,0.8044,2025-05-15 00:10:00,0.009199999999999986,ADAUSDT
ADAUSDT,0.7994,1.0,buy,2025-05-15 21:47:06,0.7994,2025-05-15 01:25:00,open,,,,ADAUSDT
ADAUSDT,0.7994,1.0,buy,2025-05-15 21:47:06,0.7994,2025-05-15 01:25:00,closed,0.783,2025-05-15 08:50:00,-0.01639999999999997,ADAUSDT
ADAUSDT,0.7659,1.0,buy,2025-05-15 21:47:06,0.7659,2025-05-15 09:40:00,open,,,,ADAUSDT
TRXUSDT,0.275567,1.0,buy,2025-05-15 21:47:07,0.275567,2025-05-14 23:10:00,open,,,,TRXUSDT
TRXUSDT,0.275567,1.0,buy,2025-05-15 21:47:07,0.275567,2025-05-14 23:10:00,closed,0.27427,2025-05-15 02:45:00,-0.0012969999999999926,TRXUSDT
TRXUSDT,0.272476,1.0,buy,2025-05-15 21:47:07,0.272476,2025-05-15 04:15:00,open,,,,TRXUSDT
TRXUSDT,0.272476,1.0,buy,2025-05-15 21:47:07,0.272476,2025-05-15 04:15:00,closed,0.27377,2025-05-15 05:40:00,0.0012940000000000174,TRXUSDT
TRXUSDT,0.271456,1.0,buy,2025-05-15 21:47:07,0.271456,2025-05-15 06:30:00,open,,,,TRXUSDT
TRXUSDT,0.271456,1.0,buy,2025-05-15 21:47:07,0.271456,2025-05-15 06:30:00,closed,0.2708,2025-05-15 08:30:00,-0.0006559999999999899,TRXUSDT
TRXUSDT,0.26921,1.0,buy,2025-05-15 21:47:07,0.26921,2025-05-15 09:30:00,open,,,,TRXUSDT
TRXUSDT,0.26921,1.0,buy,2025-05-15 21:47:07,0.26921,2025-05-15 09:30:00,closed,0.269211,2025-05-15 11:20:00,9.999999999732445e-07,TRXUSDT
SUIUSDT,3.8688,1.0,buy,2025-05-15 21:47:07,3.8688,2025-05-14 16:45:00,open,,,,SUIUSDT
SUIUSDT,3.8688,1.0,buy,2025-05-15 21:47:07,3.8688,2025-05-14 16:45:00,closed,3.9172,2025-05-14 17:30:00,0.0484,SUIUSDT
SUIUSDT,3.9033,1.0,buy,2025-05-15 21:47:07,3.9033,2025-05-14 22:45:00,open,,,,SUIUSDT
SUIUSDT,3.9033,1.0,buy,2025-05-15 21:47:07,3.9033,2025-05-14 22:45:00,closed,3.9437,2025-05-15 00:05:00,0.04039999999999999,SUIUSDT
SUIUSDT,3.904,1.0,buy,2025-05-15 21:47:07,3.904,2025-05-15 01:20:00,open,,,,SUIUSDT
SUIUSDT,3.904,1.0,buy,2025-05-15 21:47:07,3.904,2025-05-15 01:20:00,closed,3.8848,2025-05-15 03:00:00,-0.019200000000000106,SUIUSDT
SUIUSDT,3.8641,1.0,buy,2025-05-15 21:47:07,3.8641,2025-05-15 03:45:00,open,,,,SUIUSDT
SUIUSDT,3.8641,1.0,buy,2025-05-15 21:47:07,3.8641,2025-05-15 03:45:00,closed,3.765,2025-05-15 08:40:00,-0.09909999999999997,SUIUSDT
SUIUSDT,3.7104,1.0,buy,2025-05-15 21:47:07,3.7104,2025-05-15 09:45:00,open,,,,SUIUSDT
BTCUSDT,103768.52,1.0,buy,2025-05-15 21:51:14,103768.52,2025-05-14 13:50:00,open,,,,BTCUSDT
ETHUSDT,2566.39,1.0,buy,2025-05-15 21:51:14,2566.39,2025-05-14 17:15:00,open,,,,ETHUSDT
ETHUSDT,2566.39,1.0,buy,2025-05-15 21:51:14,2566.39,2025-05-14 17:15:00,closed,2603.64,2025-05-14 18:30:00,37.25,ETHUSDT
ETHUSDT,2617.89,1.0,buy,2025-05-15 21:51:14,2617.89,2025-05-15 01:25:00,open,,,,ETHUSDT
ETHUSDT,2617.89,1.0,buy,2025-05-15 21:51:14,2617.89,2025-05-15 01:25:00,closed,2589.15,2025-05-15 05:00:00,-28.73999999999978,ETHUSDT
ETHUSDT,2568.97,1.0,buy,2025-05-15 21:51:14,2568.97,2025-05-15 06:00:00,open,,,,ETHUSDT
ETHUSDT,2568.97,1.0,buy,2025-05-15 21:51:14,2568.97,2025-05-15 06:00:00,closed,2564.82,2025-05-15 08:55:00,-4.149999999999636,ETHUSDT
ETHUSDT,2524.63,1.0,buy,2025-05-15 21:51:14,2524.63,2025-05-15 09:45:00,open,,,,ETHUSDT
ETHUSDT,2524.63,1.0,buy,2025-05-15 21:51:14,2524.63,2025-05-15 09:45:00,closed,2551.44,2025-05-15 11:50:00,26.809999999999945,ETHUSDT
XRPUSDT,2.5373,1.0,buy,2025-05-15 21:51:14,2.5373,2025-05-14 16:45:00,open,,,,XRPUSDT
XRPUSDT,2.5373,1.0,buy,2025-05-15 21:51:14,2.5373,2025-05-14 16:45:00,closed,2.554,2025-05-14 18:30:00,0.016699999999999715,XRPUSDT
XRPUSDT,2.5434,1.0,buy,2025-05-15 21:51:14,2.5434,2025-05-14 23:15:00,open,,,,XRPUSDT
XRPUSDT,2.5434,1.0,buy,2025-05-15 21:51:14,2.5434,2025-05-14 23:15:00,closed,2.5664,2025-05-15 00:15:00,0.022999999999999687,XRPUSDT
XRPUSDT,2.5484,1.0,buy,2025-05-15 21:51:14,2.5484,2025-05-15 01:25:00,open,,,,XRPUSDT
XRPUSDT,2.5484,1.0,buy,2025-05-15 21:51:14,2.5484,2025-05-15 01:25:00,closed,2.5409,2025-05-15 03:00:00,-0.00749999999999984,XRPUSDT
XRPUSDT,2.5053,1.0,buy,2025-05-15 21:51:14,2.5053,2025-05-15 05:35:00,open,,,,XRPUSDT
XRPUSDT,2.5053,1.0,buy,2025-05-15 21:51:14,2.5053,2025-05-15 05:35:00,closed,2.4933,2025-05-15 08:45:00,-0.01200000000000001,XRPUSDT
XRPUSDT,2.4652,1.0,buy,2025-05-15 21:51:14,2.4652,2025-05-15 09:40:00,open,,,,XRPUSDT
BNBUSDT,648.75,1.0,buy,2025-05-15 21:51:14,648.75,2025-05-14 17:15:00,open,,,,BNBUSDT
BNBUSDT,648.75,1.0,buy,2025-05-15 21:51:14,648.75,2025-05-14 17:15:00,closed,653.87,2025-05-14 18:20:00,5.1200000000000045,BNBUSDT
BNBUSDT,652.0,1.0,buy,2025-05-15 21:51:15,652.0,2025-05-14 20:15:00,open,,,,BNBUSDT
BNBUSDT,652.0,1.0,buy,2025-05-15 21:51:15,652.0,2025-05-14 20:15:00,closed,653.67,2025-05-15 00:05:00,1.669999999999959,BNBUSDT
BNBUSDT,652.11,1.0,buy,2025-05-15 21:51:15,652.11,2025-05-15 01:25:00,open,,,,BNBUSDT
BNBUSDT,652.11,1.0,buy,2025-05-15 21:51:15,652.11,2025-05-15 01:25:00,closed,651.61,2025-05-15 04:55:00,-0.5,BNBUSDT
BNBUSDT,646.15,1.0,buy,2025-05-15 21:51:15,646.15,2025-05-15 06:40:00,open,,,,BNBUSDT
BNBUSDT,646.15,1.0,buy,2025-05-15 21:51:15,646.15,2025-05-15 06:40:00,closed,652.81,2025-05-15 08:25:00,6.659999999999968,BNBUSDT
BNBUSDT,648.75,1.0,buy,2025-05-15 21:51:15,648.75,2025-05-15 09:35:00,open,,,,BNBUSDT
BNBUSDT,648.75,1.0,buy,2025-05-15 21:51:15,648.75,2025-05-15 09:35:00,closed,652.34,2025-05-15 11:20:00,3.590000000000032,BNBUSDT
SOLUSDT,175.74,1.0,buy,2025-05-15 21:51:15,175.74,2025-05-14 15:00:00,open,,,,SOLUSDT
SOLUSDT,175.74,1.0,buy,2025-05-15 21:51:15,175.74,2025-05-14 15:00:00,closed,176.51,2025-05-14 18:30:00,0.7699999999999818,SOLUSDT
SOLUSDT,175.97,1.0,buy,2025-05-15 21:51:15,175.97,2025-05-14 23:00:00,open,,,,SOLUSDT
SOLUSDT,175.97,1.0,buy,2025-05-15 21:51:15,175.97,2025-05-14 23:00:00,closed,177.14,2025-05-15 00:00:00,1.1699999999999875,SOLUSDT
SOLUSDT,176.62,1.0,buy,2025-05-15 21:51:15,176.62,2025-05-15 01:25:00,open,,,,SOLUSDT
SOLUSDT,176.62,1.0,buy,2025-05-15 21:51:15,176.62,2025-05-15 01:25:00,closed,176.05,2025-05-15 03:00:00,-0.5699999999999932,SOLUSDT
SOLUSDT,174.11,1.0,buy,2025-05-15 21:51:15,174.11,2025-05-15 03:55:00,open,,,,SOLUSDT
SOLUSDT,174.11,1.0,buy,2025-05-15 21:51:15,174.11,2025-05-15 03:55:00,closed,172.74,2025-05-15 08:45:00,-1.3700000000000045,SOLUSDT
SOLUSDT,170.34,1.0,buy,2025-05-15 21:51:15,170.34,2025-05-15 09:40:00,open,,,,SOLUSDT
SOLUSDT,170.34,1.0,buy,2025-05-15 21:51:15,170.34,2025-05-15 09:40:00,closed,170.81,2025-05-15 11:40:00,0.46999999999999886,SOLUSDT
USDCUSDT,0.999,1.0,buy,2025-05-15 21:51:15,0.999,2025-05-14 16:15:00,open,,,,USDCUSDT
USDCUSDT,0.999,1.0,buy,2025-05-15 21:51:15,0.999,2025-05-14 16:15:00,closed,0.9993,2025-05-14 19:40:00,0.00029999999999996696,USDCUSDT
USDCUSDT,0.9992,1.0,buy,2025-05-15 21:51:15,0.9992,2025-05-15 01:05:00,open,,,,USDCUSDT
USDCUSDT,0.9992,1.0,buy,2025-05-15 21:51:15,0.9992,2025-05-15 01:05:00,closed,0.9993,2025-05-15 01:35:00,9.999999999998899e-05,USDCUSDT
USDCUSDT,0.9991,1.0,buy,2025-05-15 21:51:15,0.9991,2025-05-15 02:00:00,open,,,,USDCUSDT
USDCUSDT,0.9991,1.0,buy,2025-05-15 21:51:15,0.9991,2025-05-15 02:00:00,closed,0.9993,2025-05-15 02:15:00,0.00019999999999997797,USDCUSDT
USDCUSDT,0.9991,1.0,buy,2025-05-15 21:51:15,0.9991,2025-05-15 02:20:00,open,,,,USDCUSDT
USDCUSDT,0.9991,1.0,buy,2025-05-15 21:51:15,0.9991,2025-05-15 02:20:00,closed,0.9993,2025-05-15 04:40:00,0.00019999999999997797,USDCUSDT
USDCUSDT,0.9991,1.0,buy,2025-05-15 21:51:15,0.9991,2025-05-15 04:50:00,open,,,,USDCUSDT
USDCUSDT,0.9991,1.0,buy,2025-05-15 21:51:15,0.9991,2025-05-15 04:50:00,closed,0.9993,2025-05-15 05:05:00,0.00019999999999997797,USDCUSDT
USDCUSDT,0.9991,1.0,buy,2025-05-15 21:51:15,0.9991,2025-05-15 05:50:00,open,,,,USDCUSDT
USDCUSDT,0.9991,1.0,buy,2025-05-15 21:51:15,0.9991,2025-05-15 05:50:00,closed,0.9994,2025-05-15 07:15:00,0.00029999999999996696,USDCUSDT
DOGEUSDT,0.228887,1.0,buy,2025-05-15 21:51:15,0.228887,2025-05-14 17:20:00,open,,,,DOGEUSDT
DOGEUSDT,0.228887,1.0,buy,2025-05-15 21:51:15,0.228887,2025-05-14 17:20:00,closed,0.233208,2025-05-14 18:25:00,0.0043209999999999915,DOGEUSDT
DOGEUSDT,0.231579,1.0,buy,2025-05-15 21:51:15,0.231579,2025-05-14 21:10:00,open,,,,DOGEUSDT
DOGEUSDT,0.231579,1.0,buy,2025-05-15 21:51:15,0.231579,2025-05-14 21:10:00,closed,0.234076,2025-05-15 00:10:00,0.0024969999999999992,DOGEUSDT
DOGEUSDT,0.233047,1.0,buy,2025-05-15 21:51:15,0.233047,2025-05-15 01:25:00,open,,,,DOGEUSDT
DOGEUSDT,0.233047,1.0,buy,2025-05-15 21:51:15,0.233047,2025-05-15 01:25:00,closed,0.234073,2025-05-15 03:00:00,0.0010259999999999991,DOGEUSDT
DOGEUSDT,0.231873,1.0,buy,2025-05-15 21:51:15,0.231873,2025-05-15 05:25:00,open,,,,DOGEUSDT
DOGEUSDT,0.231873,1.0,buy,2025-05-15 21:51:15,0.231873,2025-05-15 05:25:00,closed,0.227313,2025-05-15 08:40:00,-0.0045600000000000085,DOGEUSDT
DOGEUSDT,0.223909,1.0,buy,2025-05-15 21:51:16,0.223909,2025-05-15 10:05:00,open,,,,DOGEUSDT
DOGEUSDT,0.223909,1.0,buy,2025-05-15 21:51:16,0.223909,2025-05-15 10:05:00,closed,0.226583,2025-05-15 11:40:00,0.0026740000000000097,DOGEUSDT
ADAUSDT,0.7952,1.0,buy,2025-05-15 21:51:16,0.7952,2025-05-14 17:10:00,open,,,,ADAUSDT
ADAUSDT,0.7952,1.0,buy,2025-05-15 21:51:16,0.7952,2025-05-14 17:10:00,closed,0.8044,2025-05-15 00:10:00,0.009199999999999986,ADAUSDT
ADAUSDT,0.7994,1.0,buy,2025-05-15 21:51:16,0.7994,2025-05-15 01:25:00,open,,,,ADAUSDT
ADAUSDT,0.7994,1.0,buy,2025-05-15 21:51:16,0.7994,2025-05-15 01:25:00,closed,0.783,2025-05-15 08:50:00,-0.01639999999999997,ADAUSDT
ADAUSDT,0.7659,1.0,buy,2025-05-15 21:51:16,0.7659,2025-05-15 09:40:00,open,,,,ADAUSDT
TRXUSDT,0.275567,1.0,buy,2025-05-15 21:51:16,0.275567,2025-05-14 23:10:00,open,,,,TRXUSDT
TRXUSDT,0.275567,1.0,buy,2025-05-15 21:51:16,0.275567,2025-05-14 23:10:00,closed,0.27427,2025-05-15 02:45:00,-0.0012969999999999926,TRXUSDT
TRXUSDT,0.272476,1.0,buy,2025-05-15 21:51:16,0.272476,2025-05-15 04:15:00,open,,,,TRXUSDT
TRXUSDT,0.272476,1.0,buy,2025-05-15 21:51:16,0.272476,2025-05-15 04:15:00,closed,0.27377,2025-05-15 05:40:00,0.0012940000000000174,TRXUSDT
TRXUSDT,0.271456,1.0,buy,2025-05-15 21:51:16,0.271456,2025-05-15 06:30:00,open,,,,TRXUSDT
TRXUSDT,0.271456,1.0,buy,2025-05-15 21:51:16,0.271456,2025-05-15 06:30:00,closed,0.2708,2025-05-15 08:30:00,-0.0006559999999999899,TRXUSDT
TRXUSDT,0.26921,1.0,buy,2025-05-15 21:51:16,0.26921,2025-05-15 09:30:00,open,,,,TRXUSDT
TRXUSDT,0.26921,1.0,buy,2025-05-15 21:51:16,0.26921,2025-05-15 09:30:00,closed,0.269211,2025-05-15 11:20:00,9.999999999732445e-07,TRXUSDT
SUIUSDT,3.8688,1.0,buy,2025-05-15 21:51:16,3.8688,2025-05-14 16:45:00,open,,,,SUIUSDT
SUIUSDT,3.8688,1.0,buy,2025-05-15 21:51:16,3.8688,2025-05-14 16:45:00,closed,3.9172,2025-05-14 17:30:00,0.0484,SUIUSDT
SUIUSDT,3.9033,1.0,buy,2025-05-15 21:51:16,3.9033,2025-05-14 22:45:00,open,,,,SUIUSDT
SUIUSDT,3.9033,1.0,buy,2025-05-15 21:51:16,3.9033,2025-05-14 22:45:00,closed,3.9437,2025-05-15 00:05:00,0.04039999999999999,SUIUSDT
SUIUSDT,3.904,1.0,buy,2025-05-15 21:51:16,3.904,2025-05-15 01:20:00,open,,,,SUIUSDT
SUIUSDT,3.904,1.0,buy,2025-05-15 21:51:16,3.904,2025-05-15 01:20:00,closed,3.8848,2025-05-15 03:00:00,-0.019200000000000106,SUIUSDT
SUIUSDT,3.8641,1.0,buy,2025-05-15 21:51:16,3.8641,2025-05-15 03:45:00,open,,,,SUIUSDT
SUIUSDT,3.8641,1.0,buy,2025-05-15 21:51:16,3.8641,2025-05-15 03:45:00,closed,3.765,2025-05-15 08:40:00,-0.09909999999999997,SUIUSDT
SUIUSDT,3.7104,1.0,buy,2025-05-15 21:51:16,3.7104,2025-05-15 09:45:00,open,,,,SUIUSDT
BTCUSDT,103768.52,1.0,buy,2025-05-15 21:57:31,103768.52,2025-05-14 13:50:00,open,,,,BTCUSDT
ETHUSDT,2566.39,1.0,buy,2025-05-15 21:57:31,2566.39,2025-05-14 17:15:00,open,,,,ETHUSDT
ETHUSDT,2566.39,1.0,buy,2025-05-15 21:57:31,2566.39,2025-05-14 17:15:00,closed,2603.64,2025-05-14 18:30:00,37.25,ETHUSDT
ETHUSDT,2617.89,1.0,buy,2025-05-15 21:57:31,2617.89,2025-05-15 01:25:00,open,,,,ETHUSDT
ETHUSDT,2617.89,1.0,buy,2025-05-15 21:57:31,2617.89,2025-05-15 01:25:00,closed,2589.15,2025-05-15 05:00:00,-28.73999999999978,ETHUSDT
ETHUSDT,2568.97,1.0,buy,2025-05-15 21:57:31,2568.97,2025-05-15 06:00:00,open,,,,ETHUSDT
ETHUSDT,2568.97,1.0,buy,2025-05-15 21:57:31,2568.97,2025-05-15 06:00:00,closed,2564.82,2025-05-15 08:55:00,-4.149999999999636,ETHUSDT
ETHUSDT,2524.63,1.0,buy,2025-05-15 21:57:31,2524.63,2025-05-15 09:45:00,open,,,,ETHUSDT
ETHUSDT,2524.63,1.0,buy,2025-05-15 21:57:31,2524.63,2025-05-15 09:45:00,closed,2552.79,2025-05-15 11:50:00,28.159999999999854,ETHUSDT
XRPUSDT,2.5373,1.0,buy,2025-05-15 21:57:32,2.5373,2025-05-14 16:45:00,open,,,,XRPUSDT
XRPUSDT,2.5373,1.0,buy,2025-05-15 21:57:32,2.5373,2025-05-14 16:45:00,closed,2.554,2025-05-14 18:30:00,0.016699999999999715,XRPUSDT
XRPUSDT,2.5434,1.0,buy,2025-05-15 21:57:32,2.5434,2025-05-14 23:15:00,open,,,,XRPUSDT
XRPUSDT,2.5434,1.0,buy,2025-05-15 21:57:32,2.5434,2025-05-14 23:15:00,closed,2.5664,2025-05-15 00:15:00,0.022999999999999687,XRPUSDT
XRPUSDT,2.5484,1.0,buy,2025-05-15 21:57:32,2.5484,2025-05-15 01:25:00,open,,,,XRPUSDT
XRPUSDT,2.5484,1.0,buy,2025-05-15 21:57:32,2.5484,2025-05-15 01:25:00,closed,2.5409,2025-05-15 03:00:00,-0.00749999999999984,XRPUSDT
XRPUSDT,2.5053,1.0,buy,2025-05-15 21:57:32,2.5053,2025-05-15 05:35:00,open,,,,XRPUSDT
XRPUSDT,2.5053,1.0,buy,2025-05-15 21:57:32,2.5053,2025-05-15 05:35:00,closed,2.4933,2025-05-15 08:45:00,-0.01200000000000001,XRPUSDT
XRPUSDT,2.4652,1.0,buy,2025-05-15 21:57:32,2.4652,2025-05-15 09:40:00,open,,,,XRPUSDT
XRPUSDT,2.4652,1.0,buy,2025-05-15 21:57:32,2.4652,2025-05-15 09:40:00,closed,2.4759,2025-05-15 11:55:00,0.010700000000000376,XRPUSDT
BNBUSDT,648.75,1.0,buy,2025-05-15 21:57:32,648.75,2025-05-14 17:15:00,open,,,,BNBUSDT
BNBUSDT,648.75,1.0,buy,2025-05-15 21:57:32,648.75,2025-05-14 17:15:00,closed,653.87,2025-05-14 18:20:00,5.1200000000000045,BNBUSDT
BNBUSDT,652.0,1.0,buy,2025-05-15 21:57:32,652.0,2025-05-14 20:15:00,open,,,,BNBUSDT
BNBUSDT,652.0,1.0,buy,2025-05-15 21:57:32,652.0,2025-05-14 20:15:00,closed,653.67,2025-05-15 00:05:00,1.669999999999959,BNBUSDT
BNBUSDT,652.11,1.0,buy,2025-05-15 21:57:32,652.11,2025-05-15 01:25:00,open,,,,BNBUSDT
BNBUSDT,652.11,1.0,buy,2025-05-15 21:57:32,652.11,2025-05-15 01:25:00,closed,651.61,2025-05-15 04:55:00,-0.5,BNBUSDT
BNBUSDT,646.15,1.0,buy,2025-05-15 21:57:32,646.15,2025-05-15 06:40:00,open,,,,BNBUSDT
BNBUSDT,646.15,1.0,buy,2025-05-15 21:57:32,646.15,2025-05-15 06:40:00,closed,652.81,2025-05-15 08:25:00,6.659999999999968,BNBUSDT
BNBUSDT,648.75,1.0,buy,2025-05-15 21:57:32,648.75,2025-05-15 09:35:00,open,,,,BNBUSDT
BNBUSDT,648.75,1.0,buy,2025-05-15 21:57:32,648.75,2025-05-15 09:35:00,closed,652.34,2025-05-15 11:20:00,3.590000000000032,BNBUSDT
SOLUSDT,175.74,1.0,buy,2025-05-15 21:57:32,175.74,2025-05-14 15:00:00,open,,,,SOLUSDT
SOLUSDT,175.74,1.0,buy,2025-05-15 21:57:32,175.74,2025-05-14 15:00:00,closed,176.51,2025-05-14 18:30:00,0.7699999999999818,SOLUSDT
SOLUSDT,175.97,1.0,buy,2025-05-15 21:57:32,175.97,2025-05-14 23:00:00,open,,,,SOLUSDT
SOLUSDT,175.97,1.0,buy,2025-05-15 21:57:32,175.97,2025-05-14 23:00:00,closed,177.14,2025-05-15 00:00:00,1.1699999999999875,SOLUSDT
SOLUSDT,176.62,1.0,buy,2025-05-15 21:57:32,176.62,2025-05-15 01:25:00,open,,,,SOLUSDT
SOLUSDT,176.62,1.0,buy,2025-05-15 21:57:32,176.62,2025-05-15 01:25:00,closed,176.05,2025-05-15 03:00:00,-0.5699999999999932,SOLUSDT
SOLUSDT,174.11,1.0,buy,2025-05-15 21:57:32,174.11,2025-05-15 03:55:00,open,,,,SOLUSDT
SOLUSDT,174.11,1.0,buy,2025-05-15 21:57:32,174.11,2025-05-15 03:55:00,closed,172.74,2025-05-15 08:45:00,-1.3700000000000045,SOLUSDT
SOLUSDT,170.34,1.0,buy,2025-05-15 21:57:32,170.34,2025-05-15 09:40:00,open,,,,SOLUSDT
SOLUSDT,170.34,1.0,buy,2025-05-15 21:57:32,170.34,2025-05-15 09:40:00,closed,170.81,2025-05-15 11:40:00,0.46999999999999886,SOLUSDT
USDCUSDT,0.999,1.0,buy,2025-05-15 21:57:33,0.999,2025-05-14 16:15:00,open,,,,USDCUSDT
USDCUSDT,0.999,1.0,buy,2025-05-15 21:57:33,0.999,2025-05-14 16:15:00,closed,0.9993,2025-05-14 19:40:00,0.00029999999999996696,USDCUSDT
USDCUSDT,0.9992,1.0,buy,2025-05-15 21:57:33,0.9992,2025-05-15 01:05:00,open,,,,USDCUSDT
USDCUSDT,0.9992,1.0,buy,2025-05-15 21:57:33,0.9992,2025-05-15 01:05:00,closed,0.9993,2025-05-15 01:35:00,9.999999999998899e-05,USDCUSDT
USDCUSDT,0.9991,1.0,buy,2025-05-15 21:57:33,0.9991,2025-05-15 02:00:00,open,,,,USDCUSDT
USDCUSDT,0.9991,1.0,buy,2025-05-15 21:57:33,0.9991,2025-05-15 02:00:00,closed,0.9993,2025-05-15 02:15:00,0.00019999999999997797,USDCUSDT
USDCUSDT,0.9991,1.0,buy,2025-05-15 21:57:33,0.9991,2025-05-15 02:20:00,open,,,,USDCUSDT
USDCUSDT,0.9991,1.0,buy,2025-05-15 21:57:33,0.9991,2025-05-15 02:20:00,closed,0.9993,2025-05-15 04:40:00,0.00019999999999997797,USDCUSDT
USDCUSDT,0.9991,1.0,buy,2025-05-15 21:57:33,0.9991,2025-05-15 04:50:00,open,,,,USDCUSDT
USDCUSDT,0.9991,1.0,buy,2025-05-15 21:57:33,0.9991,2025-05-15 04:50:00,closed,0.9993,2025-05-15 05:05:00,0.00019999999999997797,USDCUSDT
USDCUSDT,0.9991,1.0,buy,2025-05-15 21:57:33,0.9991,2025-05-15 05:50:00,open,,,,USDCUSDT
USDCUSDT,0.9991,1.0,buy,2025-05-15 21:57:33,0.9991,2025-05-15 05:50:00,closed,0.9994,2025-05-15 07:15:00,0.00029999999999996696,USDCUSDT
DOGEUSDT,0.228887,1.0,buy,2025-05-15 21:57:33,0.228887,2025-05-14 17:20:00,open,,,,DOGEUSDT
DOGEUSDT,0.228887,1.0,buy,2025-05-15 21:57:33,0.228887,2025-05-14 17:20:00,closed,0.233208,2025-05-14 18:25:00,0.0043209999999999915,DOGEUSDT
DOGEUSDT,0.231579,1.0,buy,2025-05-15 21:57:33,0.231579,2025-05-14 21:10:00,open,,,,DOGEUSDT
DOGEUSDT,0.231579,1.0,buy,2025-05-15 21:57:33,0.231579,2025-05-14 21:10:00,closed,0.234076,2025-05-15 00:10:00,0.0024969999999999992,DOGEUSDT
DOGEUSDT,0.233047,1.0,buy,2025-05-15 21:57:33,0.233047,2025-05-15 01:25:00,open,,,,DOGEUSDT
DOGEUSDT,0.233047,1.0,buy,2025-05-15 21:57:33,0.233047,2025-05-15 01:25:00,closed,0.234073,2025-05-15 03:00:00,0.0010259999999999991,DOGEUSDT
DOGEUSDT,0.231873,1.0,buy,2025-05-15 21:57:33,0.231873,2025-05-15 05:25:00,open,,,,DOGEUSDT
DOGEUSDT,0.231873,1.0,buy,2025-05-15 21:57:33,0.231873,2025-05-15 05:25:00,closed,0.227313,2025-05-15 08:40:00,-0.0045600000000000085,DOGEUSDT
DOGEUSDT,0.223909,1.0,buy,2025-05-15 21:57:33,0.223909,2025-05-15 10:05:00,open,,,,DOGEUSDT
DOGEUSDT,0.223909,1.0,buy,2025-05-15 21:57:33,0.223909,2025-05-15 10:05:00,closed,0.226583,2025-05-15 11:40:00,0.0026740000000000097,DOGEUSDT
ADAUSDT,0.7952,1.0,buy,2025-05-15 21:57:33,0.7952,2025-05-14 17:10:00,open,,,,ADAUSDT
ADAUSDT,0.7952,1.0,buy,2025-05-15 21:57:33,0.7952,2025-05-14 17:10:00,closed,0.8044,2025-05-15 00:10:00,0.009199999999999986,ADAUSDT
ADAUSDT,0.7994,1.0,buy,2025-05-15 21:57:33,0.7994,2025-05-15 01:25:00,open,,,,ADAUSDT
ADAUSDT,0.7994,1.0,buy,2025-05-15 21:57:33,0.7994,2025-05-15 01:25:00,closed,0.783,2025-05-15 08:50:00,-0.01639999999999997,ADAUSDT
ADAUSDT,0.7659,1.0,buy,2025-05-15 21:57:33,0.7659,2025-05-15 09:40:00,open,,,,ADAUSDT
ADAUSDT,0.7659,1.0,buy,2025-05-15 21:57:33,0.7659,2025-05-15 09:40:00,closed,0.7712,2025-05-15 11:55:00,0.005299999999999971,ADAUSDT
TRXUSDT,0.275567,1.0,buy,2025-05-15 21:57:33,0.275567,2025-05-14 23:10:00,open,,,,TRXUSDT
TRXUSDT,0.275567,1.0,buy,2025-05-15 21:57:33,0.275567,2025-05-14 23:10:00,closed,0.27427,2025-05-15 02:45:00,-0.0012969999999999926,TRXUSDT
TRXUSDT,0.272476,1.0,buy,2025-05-15 21:57:34,0.272476,2025-05-15 04:15:00,open,,,,TRXUSDT
TRXUSDT,0.272476,1.0,buy,2025-05-15 21:57:34,0.272476,2025-05-15 04:15:00,closed,0.27377,2025-05-15 05:40:00,0.0012940000000000174,TRXUSDT
TRXUSDT,0.271456,1.0,buy,2025-05-15 21:57:34,0.271456,2025-05-15 06:30:00,open,,,,TRXUSDT
TRXUSDT,0.271456,1.0,buy,2025-05-15 21:57:34,0.271456,2025-05-15 06:30:00,closed,0.2708,2025-05-15 08:30:00,-0.0006559999999999899,TRXUSDT
TRXUSDT,0.26921,1.0,buy,2025-05-15 21:57:34,0.26921,2025-05-15 09:30:00,open,,,,TRXUSDT
TRXUSDT,0.26921,1.0,buy,2025-05-15 21:57:34,0.26921,2025-05-15 09:30:00,closed,0.269211,2025-05-15 11:20:00,9.999999999732445e-07,TRXUSDT
SUIUSDT,3.8688,1.0,buy,2025-05-15 21:57:34,3.8688,2025-05-14 16:45:00,open,,,,SUIUSDT
SUIUSDT,3.8688,1.0,buy,2025-05-15 21:57:34,3.8688,2025-05-14 16:45:00,closed,3.9172,2025-05-14 17:30:00,0.0484,SUIUSDT
SUIUSDT,3.9033,1.0,buy,2025-05-15 21:57:34,3.9033,2025-05-14 22:45:00,open,,,,SUIUSDT
SUIUSDT,3.9033,1.0,buy,2025-05-15 21:57:34,3.9033,2025-05-14 22:45:00,closed,3.9437,2025-05-15 00:05:00,0.04039999999999999,SUIUSDT
SUIUSDT,3.904,1.0,buy,2025-05-15 21:57:34,3.904,2025-05-15 01:20:00,open,,,,SUIUSDT
SUIUSDT,3.904,1.0,buy,2025-05-15 21:57:34,3.904,2025-05-15 01:20:00,closed,3.8848,2025-05-15 03:00:00,-0.019200000000000106,SUIUSDT
SUIUSDT,3.8641,1.0,buy,2025-05-15 21:57:34,3.8641,2025-05-15 03:45:00,open,,,,SUIUSDT
SUIUSDT,3.8641,1.0,buy,2025-05-15 21:57:34,3.8641,2025-05-15 03:45:00,closed,3.765,2025-05-15 08:40:00,-0.09909999999999997,SUIUSDT
SUIUSDT,3.7104,1.0,buy,2025-05-15 21:57:34,3.7104,2025-05-15 09:45:00,open,,,,SUIUSDT
BTCUSDT,103460.91,1.0,buy,2025-05-15 22:12:15,103460.91,2025-05-14 15:30:00,open,,,,BTCUSDT
ETHUSDT,2566.39,1.0,buy,2025-05-15 22:12:15,2566.39,2025-05-14 17:15:00,open,,,,ETHUSDT
ETHUSDT,2566.39,1.0,buy,2025-05-15 22:12:15,2566.39,2025-05-14 17:15:00,closed,2603.64,2025-05-14 18:30:00,37.25,ETHUSDT
ETHUSDT,2617.89,1.0,buy,2025-05-15 22:12:15,2617.89,2025-05-15 01:25:00,open,,,,ETHUSDT
ETHUSDT,2617.89,1.0,buy,2025-05-15 22:12:15,2617.89,2025-05-15 01:25:00,closed,2589.15,2025-05-15 05:00:00,-28.73999999999978,ETHUSDT
ETHUSDT,2568.97,1.0,buy,2025-05-15 22:12:15,2568.97,2025-05-15 06:00:00,open,,,,ETHUSDT
ETHUSDT,2568.97,1.0,buy,2025-05-15 22:12:15,2568.97,2025-05-15 06:00:00,closed,2564.82,2025-05-15 08:55:00,-4.149999999999636,ETHUSDT
ETHUSDT,2524.63,1.0,buy,2025-05-15 22:12:15,2524.63,2025-05-15 09:45:00,open,,,,ETHUSDT
ETHUSDT,2524.63,1.0,buy,2025-05-15 22:12:15,2524.63,2025-05-15 09:45:00,closed,2552.79,2025-05-15 11:50:00,28.159999999999854,ETHUSDT
XRPUSDT,2.5373,1.0,buy,2025-05-15 22:12:15,2.5373,2025-05-14 16:45:00,open,,,,XRPUSDT
XRPUSDT,2.5373,1.0,buy,2025-05-15 22:12:15,2.5373,2025-05-14 16:45:00,closed,2.554,2025-05-14 18:30:00,0.016699999999999715,XRPUSDT
XRPUSDT,2.5434,1.0,buy,2025-05-15 22:12:15,2.5434,2025-05-14 23:15:00,open,,,,XRPUSDT
XRPUSDT,2.5434,1.0,buy,2025-05-15 22:12:15,2.5434,2025-05-14 23:15:00,closed,2.5664,2025-05-15 00:15:00,0.022999999999999687,XRPUSDT
XRPUSDT,2.5484,1.0,buy,2025-05-15 22:12:15,2.5484,2025-05-15 01:25:00,open,,,,XRPUSDT
XRPUSDT,2.5484,1.0,buy,2025-05-15 22:12:15,2.5484,2025-05-15 01:25:00,closed,2.5409,2025-05-15 03:00:00,-0.00749999999999984,XRPUSDT
XRPUSDT,2.5053,1.0,buy,2025-05-15 22:12:15,2.5053,2025-05-15 05:35:00,open,,,,XRPUSDT
XRPUSDT,2.5053,1.0,buy,2025-05-15 22:12:15,2.5053,2025-05-15 05:35:00,closed,2.4933,2025-05-15 08:45:00,-0.01200000000000001,XRPUSDT
XRPUSDT,2.4652,1.0,buy,2025-05-15 22:12:15,2.4652,2025-05-15 09:40:00,open,,,,XRPUSDT
XRPUSDT,2.4652,1.0,buy,2025-05-15 22:12:15,2.4652,2025-05-15 09:40:00,closed,2.478,2025-05-15 11:55:00,0.012800000000000367,XRPUSDT
BNBUSDT,648.75,1.0,buy,2025-05-15 22:12:15,648.75,2025-05-14 17:15:00,open,,,,BNBUSDT
BNBUSDT,648.75,1.0,buy,2025-05-15 22:12:15,648.75,2025-05-14 17:15:00,closed,653.87,2025-05-14 18:20:00,5.1200000000000045,BNBUSDT
BNBUSDT,652.0,1.0,buy,2025-05-15 22:12:15,652.0,2025-05-14 20:15:00,open,,,,BNBUSDT
BNBUSDT,652.0,1.0,buy,2025-05-15 22:12:15,652.0,2025-05-14 20:15:00,closed,653.67,2025-05-15 00:05:00,1.669999999999959,BNBUSDT
BNBUSDT,652.11,1.0,buy,2025-05-15 22:12:15,652.11,2025-05-15 01:25:00,open,,,,BNBUSDT
BNBUSDT,652.11,1.0,buy,2025-05-15 22:12:15,652.11,2025-05-15 01:25:00,closed,651.61,2025-05-15 04:55:00,-0.5,BNBUSDT
BNBUSDT,646.15,1.0,buy,2025-05-15 22:12:16,646.15,2025-05-15 06:40:00,open,,,,BNBUSDT
BNBUSDT,646.15,1.0,buy,2025-05-15 22:12:16,646.15,2025-05-15 06:40:00,closed,652.81,2025-05-15 08:25:00,6.659999999999968,BNBUSDT
BNBUSDT,648.75,1.0,buy,2025-05-15 22:12:16,648.75,2025-05-15 09:35:00,open,,,,BNBUSDT
BNBUSDT,648.75,1.0,buy,2025-05-15 22:12:16,648.75,2025-05-15 09:35:00,closed,652.34,2025-05-15 11:20:00,3.590000000000032,BNBUSDT
SOLUSDT,175.12,1.0,buy,2025-05-15 22:12:16,175.12,2025-05-14 16:45:00,open,,,,SOLUSDT
SOLUSDT,175.12,1.0,buy,2025-05-15 22:12:16,175.12,2025-05-14 16:45:00,closed,176.51,2025-05-14 18:30:00,1.3899999999999864,SOLUSDT
SOLUSDT,175.97,1.0,buy,2025-05-15 22:12:16,175.97,2025-05-14 23:00:00,open,,,,SOLUSDT
SOLUSDT,175.97,1.0,buy,2025-05-15 22:12:16,175.97,2025-05-14 23:00:00,closed,177.14,2025-05-15 00:00:00,1.1699999999999875,SOLUSDT
SOLUSDT,176.62,1.0,buy,2025-05-15 22:12:16,176.62,2025-05-15 01:25:00,open,,,,SOLUSDT
SOLUSDT,176.62,1.0,buy,2025-05-15 22:12:16,176.62,2025-05-15 01:25:00,closed,176.05,2025-05-15 03:00:00,-0.5699999999999932,SOLUSDT
SOLUSDT,174.11,1.0,buy,2025-05-15 22:12:16,174.11,2025-05-15 03:55:00,open,,,,SOLUSDT
SOLUSDT,174.11,1.0,buy,2025-05-15 22:12:16,174.11,2025-05-15 03:55:00,closed,172.74,2025-05-15 08:45:00,-1.3700000000000045,SOLUSDT
SOLUSDT,170.34,1.0,buy,2025-05-15 22:12:16,170.34,2025-05-15 09:40:00,open,,,,SOLUSDT
SOLUSDT,170.34,1.0,buy,2025-05-15 22:12:16,170.34,2025-05-15 09:40:00,closed,170.81,2025-05-15 11:40:00,0.46999999999999886,SOLUSDT
USDCUSDT,0.999,1.0,buy,2025-05-15 22:12:16,0.999,2025-05-14 16:15:00,open,,,,USDCUSDT
USDCUSDT,0.999,1.0,buy,2025-05-15 22:12:16,0.999,2025-05-14 16:15:00,closed,0.9993,2025-05-14 19:40:00,0.00029999999999996696,USDCUSDT
USDCUSDT,0.9992,1.0,buy,2025-05-15 22:12:16,0.9992,2025-05-15 01:05:00,open,,,,USDCUSDT
USDCUSDT,0.9992,1.0,buy,2025-05-15 22:12:16,0.9992,2025-05-15 01:05:00,closed,0.9993,2025-05-15 01:35:00,9.999999999998899e-05,USDCUSDT
USDCUSDT,0.9991,1.0,buy,2025-05-15 22:12:16,0.9991,2025-05-15 02:00:00,open,,,,USDCUSDT
USDCUSDT,0.9991,1.0,buy,2025-05-15 22:12:16,0.9991,2025-05-15 02:00:00,closed,0.9993,2025-05-15 02:15:00,0.00019999999999997797,USDCUSDT
USDCUSDT,0.9991,1.0,buy,2025-05-15 22:12:16,0.9991,2025-05-15 02:20:00,open,,,,USDCUSDT
USDCUSDT,0.9991,1.0,buy,2025-05-15 22:12:16,0.9991,2025-05-15 02:20:00,closed,0.9993,2025-05-15 04:40:00,0.00019999999999997797,USDCUSDT
USDCUSDT,0.9991,1.0,buy,2025-05-15 22:12:16,0.9991,2025-05-15 04:50:00,open,,,,USDCUSDT
USDCUSDT,0.9991,1.0,buy,2025-05-15 22:12:16,0.9991,2025-05-15 04:50:00,closed,0.9993,2025-05-15 05:05:00,0.00019999999999997797,USDCUSDT
USDCUSDT,0.9991,1.0,buy,2025-05-15 22:12:16,0.9991,2025-05-15 05:50:00,open,,,,USDCUSDT
USDCUSDT,0.9991,1.0,buy,2025-05-15 22:12:16,0.9991,2025-05-15 05:50:00,closed,0.9994,2025-05-15 07:15:00,0.00029999999999996696,USDCUSDT
DOGEUSDT,0.228887,1.0,buy,2025-05-15 22:12:16,0.228887,2025-05-14 17:20:00,open,,,,DOGEUSDT
DOGEUSDT,0.228887,1.0,buy,2025-05-15 22:12:16,0.228887,2025-05-14 17:20:00,closed,0.233208,2025-05-14 18:25:00,0.0043209999999999915,DOGEUSDT
DOGEUSDT,0.231579,1.0,buy,2025-05-15 22:12:17,0.231579,2025-05-14 21:10:00,open,,,,DOGEUSDT
DOGEUSDT,0.231579,1.0,buy,2025-05-15 22:12:17,0.231579,2025-05-14 21:10:00,closed,0.234076,2025-05-15 00:10:00,0.0024969999999999992,DOGEUSDT
DOGEUSDT,0.233047,1.0,buy,2025-05-15 22:12:17,0.233047,2025-05-15 01:25:00,open,,,,DOGEUSDT
DOGEUSDT,0.233047,1.0,buy,2025-05-15 22:12:17,0.233047,2025-05-15 01:25:00,closed,0.234073,2025-05-15 03:00:00,0.0010259999999999991,DOGEUSDT
DOGEUSDT,0.231873,1.0,buy,2025-05-15 22:12:17,0.231873,2025-05-15 05:25:00,open,,,,DOGEUSDT
DOGEUSDT,0.231873,1.0,buy,2025-05-15 22:12:17,0.231873,2025-05-15 05:25:00,closed,0.227313,2025-05-15 08:40:00,-0.0045600000000000085,DOGEUSDT
DOGEUSDT,0.223909,1.0,buy,2025-05-15 22:12:17,0.223909,2025-05-15 10:05:00,open,,,,DOGEUSDT
DOGEUSDT,0.223909,1.0,buy,2025-05-15 22:12:17,0.223909,2025-05-15 10:05:00,closed,0.226583,2025-05-15 11:40:00,0.0026740000000000097,DOGEUSDT
ADAUSDT,0.7952,1.0,buy,2025-05-15 22:12:17,0.7952,2025-05-14 17:10:00,open,,,,ADAUSDT
ADAUSDT,0.7952,1.0,buy,2025-05-15 22:12:17,0.7952,2025-05-14 17:10:00,closed,0.8044,2025-05-15 00:10:00,0.009199999999999986,ADAUSDT
ADAUSDT,0.7994,1.0,buy,2025-05-15 22:12:17,0.7994,2025-05-15 01:25:00,open,,,,ADAUSDT
ADAUSDT,0.7994,1.0,buy,2025-05-15 22:12:17,0.7994,2025-05-15 01:25:00,closed,0.783,2025-05-15 08:50:00,-0.01639999999999997,ADAUSDT
ADAUSDT,0.7659,1.0,buy,2025-05-15 22:12:17,0.7659,2025-05-15 09:40:00,open,,,,ADAUSDT
ADAUSDT,0.7659,1.0,buy,2025-05-15 22:12:17,0.7659,2025-05-15 09:40:00,closed,0.7724,2025-05-15 11:55:00,0.00649999999999995,ADAUSDT
TRXUSDT,0.275567,1.0,buy,2025-05-15 22:12:17,0.275567,2025-05-14 23:10:00,open,,,,TRXUSDT
TRXUSDT,0.275567,1.0,buy,2025-05-15 22:12:17,0.275567,2025-05-14 23:10:00,closed,0.27427,2025-05-15 02:45:00,-0.0012969999999999926,TRXUSDT
TRXUSDT,0.272476,1.0,buy,2025-05-15 22:12:17,0.272476,2025-05-15 04:15:00,open,,,,TRXUSDT
TRXUSDT,0.272476,1.0,buy,2025-05-15 22:12:17,0.272476,2025-05-15 04:15:00,closed,0.27377,2025-05-15 05:40:00,0.0012940000000000174,TRXUSDT
TRXUSDT,0.271456,1.0,buy,2025-05-15 22:12:17,0.271456,2025-05-15 06:30:00,open,,,,TRXUSDT
TRXUSDT,0.271456,1.0,buy,2025-05-15 22:12:17,0.271456,2025-05-15 06:30:00,closed,0.2708,2025-05-15 08:30:00,-0.0006559999999999899,TRXUSDT
TRXUSDT,0.26921,1.0,buy,2025-05-15 22:12:17,0.26921,2025-05-15 09:30:00,open,,,,TRXUSDT
TRXUSDT,0.26921,1.0,buy,2025-05-15 22:12:17,0.26921,2025-05-15 09:30:00,closed,0.269211,2025-05-15 11:20:00,9.999999999732445e-07,TRXUSDT
SUIUSDT,3.8688,1.0,buy,2025-05-15 22:12:17,3.8688,2025-05-14 16:45:00,open,,,,SUIUSDT
SUIUSDT,3.8688,1.0,buy,2025-05-15 22:12:17,3.8688,2025-05-14 16:45:00,closed,3.9172,2025-05-14 17:30:00,0.0484,SUIUSDT
SUIUSDT,3.9033,1.0,buy,2025-05-15 22:12:17,3.9033,2025-05-14 22:45:00,open,,,,SUIUSDT
SUIUSDT,3.9033,1.0,buy,2025-05-15 22:12:17,3.9033,2025-05-14 22:45:00,closed,3.9437,2025-05-15 00:05:00,0.04039999999999999,SUIUSDT
SUIUSDT,3.904,1.0,buy,2025-05-15 22:12:17,3.904,2025-05-15 01:20:00,open,,,,SUIUSDT
SUIUSDT,3.904,1.0,buy,2025-05-15 22:12:17,3.904,2025-05-15 01:20:00,closed,3.8848,2025-05-15 03:00:00,-0.019200000000000106,SUIUSDT
SUIUSDT,3.8641,1.0,buy,2025-05-15 22:12:18,3.8641,2025-05-15 03:45:00,open,,,,SUIUSDT
SUIUSDT,3.8641,1.0,buy,2025-05-15 22:12:18,3.8641,2025-05-15 03:45:00,closed,3.765,2025-05-15 08:40:00,-0.09909999999999997,SUIUSDT
SUIUSDT,3.7104,1.0,buy,2025-05-15 22:12:18,3.7104,2025-05-15 09:45:00,open,,,,SUIUSDT
BTCUSDT,101847.51,1.0,buy,2025-05-16 17:59:29,101847.51,2025-05-15 09:50:00,open,,,,BTCUSDT
BTCUSDT,101847.51,1.0,buy,2025-05-16 17:59:29,101847.51,2025-05-15 09:50:00,closed,102253.87,2025-05-15 11:20:00,406.3600000000006,BTCUSDT
BTCUSDT,102221.2,1.0,buy,2025-05-16 17:59:29,102221.2,2025-05-15 11:35:00,open,,,,BTCUSDT
BTCUSDT,102221.2,1.0,buy,2025-05-16 17:59:29,102221.2,2025-05-15 11:35:00,closed,102735.25,2025-05-15 12:30:00,514.0500000000029,BTCUSDT
BTCUSDT,102494.03,1.0,buy,2025-05-16 17:59:29,102494.03,2025-05-15 12:55:00,open,,,,BTCUSDT
BTCUSDT,102494.03,1.0,buy,2025-05-16 17:59:29,102494.03,2025-05-15 12:55:00,closed,102989.72,2025-05-15 15:40:00,495.6900000000023,BTCUSDT
BTCUSDT,103539.65,1.0,buy,2025-05-16 17:59:29,103539.65,2025-05-15 18:20:00,open,,,,BTCUSDT
BTCUSDT,103539.65,1.0,buy,2025-05-16 17:59:29,103539.65,2025-05-15 18:20:00,closed,103900.03,2025-05-15 22:15:00,360.38000000000466,BTCUSDT
BTCUSDT,103760.01,1.0,buy,2025-05-16 17:59:29,103760.01,2025-05-15 22:20:00,open,,,,BTCUSDT
BTCUSDT,103760.01,1.0,buy,2025-05-16 17:59:29,103760.01,2025-05-15 22:20:00,closed,104291.7,2025-05-16 02:00:00,531.6900000000023,BTCUSDT
BTCUSDT,104162.58,1.0,buy,2025-05-16 17:59:29,104162.58,2025-05-16 02:05:00,open,,,,BTCUSDT
ETHUSDT,2540.08,1.0,buy,2025-05-16 17:59:29,2540.08,2025-05-15 13:35:00,open,,,,ETHUSDT
ETHUSDT,2540.08,1.0,buy,2025-05-16 17:59:29,2540.08,2025-05-15 13:35:00,closed,2599.1,2025-05-15 16:55:00,59.01999999999998,ETHUSDT
ETHUSDT,2542.58,1.0,buy,2025-05-16 17:59:29,2542.58,2025-05-15 18:20:00,open,,,,ETHUSDT
ETHUSDT,2542.58,1.0,buy,2025-05-16 17:59:29,2542.58,2025-05-15 18:20:00,closed,2550.79,2025-05-15 22:05:00,8.210000000000036,ETHUSDT
ETHUSDT,2518.38,1.0,buy,2025-05-16 17:59:29,2518.38,2025-05-15 23:15:00,open,,,,ETHUSDT
ETHUSDT,2518.38,1.0,buy,2025-05-16 17:59:29,2518.38,2025-05-15 23:15:00,closed,2581.77,2025-05-16 02:00:00,63.38999999999987,ETHUSDT
XRPUSDT,2.4633,1.0,buy,2025-05-16 17:59:30,2.4633,2025-05-15 10:10:00,open,,,,XRPUSDT
XRPUSDT,2.4633,1.0,buy,2025-05-16 17:59:30,2.4633,2025-05-15 10:10:00,closed,2.4573,2025-05-15 16:05:00,-0.005999999999999783,XRPUSDT
XRPUSDT,2.4658,1.0,buy,2025-05-16 17:59:30,2.4658,2025-05-15 16:35:00,open,,,,XRPUSDT
XRPUSDT,2.4658,1.0,buy,2025-05-16 17:59:30,2.4658,2025-05-15 16:35:00,closed,2.4993,2025-05-15 17:45:00,0.03349999999999964,XRPUSDT
XRPUSDT,2.4655,1.0,buy,2025-05-16 17:59:30,2.4655,2025-05-15 18:30:00,open,,,,XRPUSDT
XRPUSDT,2.4655,1.0,buy,2025-05-16 17:59:30,2.4655,2025-05-15 18:30:00,closed,2.4273,2025-05-15 22:30:00,-0.038200000000000234,XRPUSDT
XRPUSDT,2.3857,1.0,buy,2025-05-16 17:59:30,2.3857,2025-05-15 22:50:00,open,,,,XRPUSDT
XRPUSDT,2.3857,1.0,buy,2025-05-16 17:59:30,2.3857,2025-05-15 22:50:00,closed,2.4234,2025-05-16 05:50:00,0.03770000000000007,XRPUSDT
XRPUSDT,2.4288,1.0,buy,2025-05-16 17:59:30,2.4288,2025-05-16 06:15:00,open,,,,XRPUSDT
BNBUSDT,651.14,1.0,buy,2025-05-16 17:59:30,651.14,2025-05-15 13:35:00,open,,,,BNBUSDT
BNBUSDT,651.14,1.0,buy,2025-05-16 17:59:30,651.14,2025-05-15 13:35:00,closed,653.32,2025-05-15 15:45:00,2.1800000000000637,BNBUSDT
BNBUSDT,654.09,1.0,buy,2025-05-16 17:59:30,654.09,2025-05-15 18:30:00,open,,,,BNBUSDT
BNBUSDT,654.09,1.0,buy,2025-05-16 17:59:30,654.09,2025-05-15 18:30:00,closed,653.94,2025-05-15 22:30:00,-0.14999999999997726,BNBUSDT
BNBUSDT,649.69,1.0,buy,2025-05-16 17:59:30,649.69,2025-05-15 23:00:00,open,,,,BNBUSDT
BNBUSDT,649.69,1.0,buy,2025-05-16 17:59:30,649.69,2025-05-15 23:00:00,closed,651.65,2025-05-16 00:25:00,1.9599999999999227,BNBUSDT
BNBUSDT,647.6,1.0,buy,2025-05-16 17:59:30,647.6,2025-05-16 01:20:00,open,,,,BNBUSDT
BNBUSDT,647.6,1.0,buy,2025-05-16 17:59:30,647.6,2025-05-16 01:20:00,closed,655.99,2025-05-16 02:25:00,8.389999999999986,BNBUSDT
BNBUSDT,655.3,1.0,buy,2025-05-16 17:59:30,655.3,2025-05-16 04:40:00,open,,,,BNBUSDT
BNBUSDT,655.3,1.0,buy,2025-05-16 17:59:30,655.3,2025-05-16 04:40:00,closed,658.47,2025-05-16 05:50:00,3.1700000000000728,BNBUSDT
SOLUSDT,169.76,1.0,buy,2025-05-16 17:59:30,169.76,2025-05-15 10:10:00,open,,,,SOLUSDT
SOLUSDT,169.76,1.0,buy,2025-05-16 17:59:30,169.76,2025-05-15 10:10:00,closed,170.67,2025-05-15 11:50:00,0.9099999999999966,SOLUSDT
SOLUSDT,171.01,1.0,buy,2025-05-16 17:59:30,171.01,2025-05-15 12:15:00,open,,,,SOLUSDT
SOLUSDT,171.01,1.0,buy,2025-05-16 17:59:30,171.01,2025-05-15 12:15:00,closed,171.83,2025-05-15 16:10:00,0.8200000000000216,SOLUSDT
SOLUSDT,172.09,1.0,buy,2025-05-16 17:59:30,172.09,2025-05-15 16:35:00,open,,,,SOLUSDT
SOLUSDT,172.09,1.0,buy,2025-05-16 17:59:30,172.09,2025-05-15 16:35:00,closed,169.99,2025-05-15 22:40:00,-2.0999999999999943,SOLUSDT
SOLUSDT,167.25,1.0,buy,2025-05-16 17:59:30,167.25,2025-05-15 23:15:00,open,,,,SOLUSDT
SOLUSDT,167.25,1.0,buy,2025-05-16 17:59:30,167.25,2025-05-15 23:15:00,closed,173.2,2025-05-16 02:25:00,5.949999999999989,SOLUSDT
SOLUSDT,172.45,1.0,buy,2025-05-16 17:59:30,172.45,2025-05-16 02:40:00,open,,,,SOLUSDT
SOLUSDT,172.45,1.0,buy,2025-05-16 17:59:30,172.45,2025-05-16 02:40:00,closed,172.97,2025-05-16 05:50:00,0.5200000000000102,SOLUSDT
SOLUSDT,173.02,1.0,buy,2025-05-16 17:59:30,173.02,2025-05-16 06:30:00,open,,,,SOLUSDT
USDCUSDT,0.9992,1.0,buy,2025-05-16 17:59:31,0.9992,2025-05-15 14:20:00,open,,,,USDCUSDT
USDCUSDT,0.9992,1.0,buy,2025-05-16 17:59:31,0.9992,2025-05-15 14:20:00,closed,0.9994,2025-05-15 15:45:00,0.00019999999999997797,USDCUSDT
USDCUSDT,0.9991,1.0,buy,2025-05-16 17:59:31,0.9991,2025-05-15 18:45:00,open,,,,USDCUSDT
USDCUSDT,0.9991,1.0,buy,2025-05-16 17:59:31,0.9991,2025-05-15 18:45:00,closed,0.9993,2025-05-15 23:30:00,0.00019999999999997797,USDCUSDT
USDCUSDT,0.9992,1.0,buy,2025-05-16 17:59:31,0.9992,2025-05-16 03:20:00,open,,,,USDCUSDT
USDCUSDT,0.9992,1.0,buy,2025-05-16 17:59:31,0.9992,2025-05-16 03:20:00,closed,0.9992,2025-05-16 07:30:00,0.0,USDCUSDT
DOGEUSDT,0.224069,1.0,buy,2025-05-16 17:59:31,0.224069,2025-05-15 10:10:00,open,,,,DOGEUSDT
DOGEUSDT,0.224069,1.0,buy,2025-05-16 17:59:31,0.224069,2025-05-15 10:10:00,closed,0.226688,2025-05-15 11:55:00,0.00261900000000001,DOGEUSDT
DOGEUSDT,0.226266,1.0,buy,2025-05-16 17:59:31,0.226266,2025-05-15 12:25:00,open,,,,DOGEUSDT
DOGEUSDT,0.226266,1.0,buy,2025-05-16 17:59:31,0.226266,2025-05-15 12:25:00,closed,0.223458,2025-05-15 16:05:00,-0.002808000000000005,DOGEUSDT
DOGEUSDT,0.224445,1.0,buy,2025-05-16 17:59:31,0.224445,2025-05-15 16:35:00,open,,,,DOGEUSDT
DOGEUSDT,0.224445,1.0,buy,2025-05-16 17:59:31,0.224445,2025-05-15 16:35:00,closed,0.222159,2025-05-15 22:40:00,-0.0022860000000000102,DOGEUSDT
DOGEUSDT,0.214467,1.0,buy,2025-05-16 17:59:31,0.214467,2025-05-15 23:15:00,open,,,,DOGEUSDT
DOGEUSDT,0.214467,1.0,buy,2025-05-16 17:59:31,0.214467,2025-05-15 23:15:00,closed,0.220305,2025-05-16 00:25:00,0.00583800000000001,DOGEUSDT
DOGEUSDT,0.221454,1.0,buy,2025-05-16 17:59:31,0.221454,2025-05-16 00:45:00,open,,,,DOGEUSDT
DOGEUSDT,0.221454,1.0,buy,2025-05-16 17:59:31,0.221454,2025-05-16 00:45:00,closed,0.225605,2025-05-16 02:25:00,0.004150999999999988,DOGEUSDT
DOGEUSDT,0.224576,1.0,buy,2025-05-16 17:59:31,0.224576,2025-05-16 02:40:00,open,,,,DOGEUSDT
DOGEUSDT,0.224576,1.0,buy,2025-05-16 17:59:31,0.224576,2025-05-16 02:40:00,closed,0.226745,2025-05-16 05:50:00,0.0021690000000000043,DOGEUSDT
DOGEUSDT,0.226495,1.0,buy,2025-05-16 17:59:31,0.226495,2025-05-16 06:00:00,open,,,,DOGEUSDT
ADAUSDT,0.7648,1.0,buy,2025-05-16 17:59:31,0.7648,2025-05-15 10:10:00,open,,,,ADAUSDT
ADAUSDT,0.7648,1.0,buy,2025-05-16 17:59:31,0.7648,2025-05-15 10:10:00,closed,0.7726,2025-05-15 16:15:00,0.007799999999999918,ADAUSDT
ADAUSDT,0.7861,1.0,buy,2025-05-16 17:59:31,0.7861,2025-05-15 17:00:00,open,,,,ADAUSDT
ADAUSDT,0.7861,1.0,buy,2025-05-16 17:59:31,0.7861,2025-05-15 17:00:00,closed,0.7903,2025-05-15 17:45:00,0.0041999999999999815,ADAUSDT
ADAUSDT,0.7763,1.0,buy,2025-05-16 17:59:31,0.7763,2025-05-15 18:30:00,open,,,,ADAUSDT
ADAUSDT,0.7763,1.0,buy,2025-05-16 17:59:31,0.7763,2025-05-15 18:30:00,closed,0.7692,2025-05-15 22:40:00,-0.007099999999999995,ADAUSDT
ADAUSDT,0.7494,1.0,buy,2025-05-16 17:59:31,0.7494,2025-05-15 23:15:00,open,,,,ADAUSDT
ADAUSDT,0.7494,1.0,buy,2025-05-16 17:59:31,0.7494,2025-05-15 23:15:00,closed,0.7795,2025-05-16 02:25:00,0.030100000000000016,ADAUSDT
ADAUSDT,0.7772,1.0,buy,2025-05-16 17:59:32,0.7772,2025-05-16 02:40:00,open,,,,ADAUSDT
ADAUSDT,0.7772,1.0,buy,2025-05-16 17:59:32,0.7772,2025-05-16 02:40:00,closed,0.7835,2025-05-16 06:05:00,0.006299999999999972,ADAUSDT
ADAUSDT,0.7825,1.0,buy,2025-05-16 17:59:32,0.7825,2025-05-16 06:50:00,open,,,,ADAUSDT
TRXUSDT,0.267904,1.0,buy,2025-05-16 17:59:32,0.267904,2025-05-15 10:10:00,open,,,,TRXUSDT
TRXUSDT,0.267904,1.0,buy,2025-05-16 17:59:32,0.267904,2025-05-15 10:10:00,closed,0.269441,2025-05-15 11:55:00,0.0015370000000000106,TRXUSDT
TRXUSDT,0.26946,1.0,buy,2025-05-16 17:59:32,0.26946,2025-05-15 12:15:00,open,,,,TRXUSDT
TRXUSDT,0.26946,1.0,buy,2025-05-16 17:59:32,0.26946,2025-05-15 12:15:00,closed,0.273431,2025-05-15 15:20:00,0.003971000000000002,TRXUSDT
TRXUSDT,0.27447,1.0,buy,2025-05-16 17:59:32,0.27447,2025-05-15 16:25:00,open,,,,TRXUSDT
TRXUSDT,0.27447,1.0,buy,2025-05-16 17:59:32,0.27447,2025-05-15 16:25:00,closed,0.276093,2025-05-15 16:55:00,0.0016229999999999856,TRXUSDT
TRXUSDT,0.27542,1.0,buy,2025-05-16 17:59:32,0.27542,2025-05-15 17:10:00,open,,,,TRXUSDT
TRXUSDT,0.27542,1.0,buy,2025-05-16 17:59:32,0.27542,2025-05-15 17:10:00,closed,0.27579,2025-05-15 17:20:00,0.00036999999999998145,TRXUSDT
TRXUSDT,0.275665,1.0,buy,2025-05-16 17:59:32,0.275665,2025-05-15 17:35:00,open,,,,TRXUSDT
TRXUSDT,0.275665,1.0,buy,2025-05-16 17:59:32,0.275665,2025-05-15 17:35:00,closed,0.276109,2025-05-16 03:45:00,0.00044399999999999995,TRXUSDT
TRXUSDT,0.276595,1.0,buy,2025-05-16 17:59:32,0.276595,2025-05-16 04:15:00,open,,,,TRXUSDT
SUIUSDT,3.7123,1.0,buy,2025-05-16 17:59:32,3.7123,2025-05-15 10:10:00,open,,,,SUIUSDT
SUIUSDT,3.7123,1.0,buy,2025-05-16 17:59:32,3.7123,2025-05-15 10:10:00,closed,3.7806,2025-05-15 16:05:00,0.06830000000000025,SUIUSDT
SUIUSDT,3.7822,1.0,buy,2025-05-16 17:59:32,3.7822,2025-05-15 16:30:00,open,,,,SUIUSDT
SUIUSDT,3.7822,1.0,buy,2025-05-16 17:59:32,3.7822,2025-05-15 16:30:00,closed,3.913,2025-05-15 18:00:00,0.1307999999999998,SUIUSDT
SUIUSDT,3.8401,1.0,buy,2025-05-16 17:59:32,3.8401,2025-05-15 18:50:00,open,,,,SUIUSDT
SUIUSDT,3.8401,1.0,buy,2025-05-16 17:59:32,3.8401,2025-05-15 18:50:00,closed,3.8883,2025-05-15 22:30:00,0.04820000000000002,SUIUSDT
SUIUSDT,3.7924,1.0,buy,2025-05-16 17:59:32,3.7924,2025-05-15 23:15:00,open,,,,SUIUSDT
SUIUSDT,3.7924,1.0,buy,2025-05-16 17:59:32,3.7924,2025-05-15 23:15:00,closed,3.9262,2025-05-16 02:25:00,0.13379999999999992,SUIUSDT
SUIUSDT,3.9282,1.0,buy,2025-05-16 17:59:32,3.9282,2025-05-16 02:35:00,open,,,,SUIUSDT
BTCUSDT,101847.51,1.0,buy,2025-05-16 17:59:53,101847.51,2025-05-15 09:50:00,open,,,,BTCUSDT
BTCUSDT,101847.51,1.0,buy,2025-05-16 17:59:53,101847.51,2025-05-15 09:50:00,closed,102253.87,2025-05-15 11:20:00,406.3600000000006,BTCUSDT
BTCUSDT,102221.2,1.0,buy,2025-05-16 17:59:53,102221.2,2025-05-15 11:35:00,open,,,,BTCUSDT
BTCUSDT,102221.2,1.0,buy,2025-05-16 17:59:53,102221.2,2025-05-15 11:35:00,closed,102735.25,2025-05-15 12:30:00,514.0500000000029,BTCUSDT
BTCUSDT,102494.03,1.0,buy,2025-05-16 17:59:53,102494.03,2025-05-15 12:55:00,open,,,,BTCUSDT
BTCUSDT,102494.03,1.0,buy,2025-05-16 17:59:53,102494.03,2025-05-15 12:55:00,closed,102989.72,2025-05-15 15:40:00,495.6900000000023,BTCUSDT
BTCUSDT,103539.65,1.0,buy,2025-05-16 17:59:53,103539.65,2025-05-15 18:20:00,open,,,,BTCUSDT
BTCUSDT,103539.65,1.0,buy,2025-05-16 17:59:53,103539.65,2025-05-15 18:20:00,closed,103900.03,2025-05-15 22:15:00,360.38000000000466,BTCUSDT
BTCUSDT,103760.01,1.0,buy,2025-05-16 17:59:53,103760.01,2025-05-15 22:20:00,open,,,,BTCUSDT
BTCUSDT,103760.01,1.0,buy,2025-05-16 17:59:53,103760.01,2025-05-15 22:20:00,closed,104291.7,2025-05-16 02:00:00,531.6900000000023,BTCUSDT
BTCUSDT,104162.58,1.0,buy,2025-05-16 17:59:53,104162.58,2025-05-16 02:05:00,open,,,,BTCUSDT
ETHUSDT,2540.08,1.0,buy,2025-05-16 17:59:53,2540.08,2025-05-15 13:35:00,open,,,,ETHUSDT
ETHUSDT,2540.08,1.0,buy,2025-05-16 17:59:53,2540.08,2025-05-15 13:35:00,closed,2599.1,2025-05-15 16:55:00,59.01999999999998,ETHUSDT
ETHUSDT,2542.58,1.0,buy,2025-05-16 17:59:53,2542.58,2025-05-15 18:20:00,open,,,,ETHUSDT
ETHUSDT,2542.58,1.0,buy,2025-05-16 17:59:53,2542.58,2025-05-15 18:20:00,closed,2550.79,2025-05-15 22:05:00,8.210000000000036,ETHUSDT
ETHUSDT,2518.38,1.0,buy,2025-05-16 17:59:53,2518.38,2025-05-15 23:15:00,open,,,,ETHUSDT
ETHUSDT,2518.38,1.0,buy,2025-05-16 17:59:53,2518.38,2025-05-15 23:15:00,closed,2581.77,2025-05-16 02:00:00,63.38999999999987,ETHUSDT
XRPUSDT,2.4633,1.0,buy,2025-05-16 17:59:54,2.4633,2025-05-15 10:10:00,open,,,,XRPUSDT
XRPUSDT,2.4633,1.0,buy,2025-05-16 17:59:54,2.4633,2025-05-15 10:10:00,closed,2.4573,2025-05-15 16:05:00,-0.005999999999999783,XRPUSDT
XRPUSDT,2.4658,1.0,buy,2025-05-16 17:59:54,2.4658,2025-05-15 16:35:00,open,,,,XRPUSDT
XRPUSDT,2.4658,1.0,buy,2025-05-16 17:59:54,2.4658,2025-05-15 16:35:00,closed,2.4993,2025-05-15 17:45:00,0.03349999999999964,XRPUSDT
XRPUSDT,2.4655,1.0,buy,2025-05-16 17:59:54,2.4655,2025-05-15 18:30:00,open,,,,XRPUSDT
XRPUSDT,2.4655,1.0,buy,2025-05-16 17:59:54,2.4655,2025-05-15 18:30:00,closed,2.4273,2025-05-15 22:30:00,-0.038200000000000234,XRPUSDT
XRPUSDT,2.3857,1.0,buy,2025-05-16 17:59:54,2.3857,2025-05-15 22:50:00,open,,,,XRPUSDT
XRPUSDT,2.3857,1.0,buy,2025-05-16 17:59:54,2.3857,2025-05-15 22:50:00,closed,2.4234,2025-05-16 05:50:00,0.03770000000000007,XRPUSDT
XRPUSDT,2.4288,1.0,buy,2025-05-16 17:59:54,2.4288,2025-05-16 06:15:00,open,,,,XRPUSDT
BNBUSDT,651.14,1.0,buy,2025-05-16 17:59:54,651.14,2025-05-15 13:35:00,open,,,,BNBUSDT
BNBUSDT,651.14,1.0,buy,2025-05-16 17:59:54,651.14,2025-05-15 13:35:00,closed,653.32,2025-05-15 15:45:00,2.1800000000000637,BNBUSDT
BNBUSDT,654.09,1.0,buy,2025-05-16 17:59:54,654.09,2025-05-15 18:30:00,open,,,,BNBUSDT
BNBUSDT,654.09,1.0,buy,2025-05-16 17:59:54,654.09,2025-05-15 18:30:00,closed,653.94,2025-05-15 22:30:00,-0.14999999999997726,BNBUSDT
BNBUSDT,649.69,1.0,buy,2025-05-16 17:59:54,649.69,2025-05-15 23:00:00,open,,,,BNBUSDT
BNBUSDT,649.69,1.0,buy,2025-05-16 17:59:54,649.69,2025-05-15 23:00:00,closed,651.65,2025-05-16 00:25:00,1.9599999999999227,BNBUSDT
BNBUSDT,647.6,1.0,buy,2025-05-16 17:59:54,647.6,2025-05-16 01:20:00,open,,,,BNBUSDT
BNBUSDT,647.6,1.0,buy,2025-05-16 17:59:54,647.6,2025-05-16 01:20:00,closed,655.99,2025-05-16 02:25:00,8.389999999999986,BNBUSDT
BNBUSDT,655.3,1.0,buy,2025-05-16 17:59:54,655.3,2025-05-16 04:40:00,open,,,,BNBUSDT
BNBUSDT,655.3,1.0,buy,2025-05-16 17:59:54,655.3,2025-05-16 04:40:00,closed,658.47,2025-05-16 05:50:00,3.1700000000000728,BNBUSDT
SOLUSDT,169.76,1.0,buy,2025-05-16 17:59:54,169.76,2025-05-15 10:10:00,open,,,,SOLUSDT
SOLUSDT,169.76,1.0,buy,2025-05-16 17:59:54,169.76,2025-05-15 10:10:00,closed,170.67,2025-05-15 11:50:00,0.9099999999999966,SOLUSDT
SOLUSDT,171.01,1.0,buy,2025-05-16 17:59:54,171.01,2025-05-15 12:15:00,open,,,,SOLUSDT
SOLUSDT,171.01,1.0,buy,2025-05-16 17:59:54,171.01,2025-05-15 12:15:00,closed,171.83,2025-05-15 16:10:00,0.8200000000000216,SOLUSDT
SOLUSDT,172.09,1.0,buy,2025-05-16 17:59:55,172.09,2025-05-15 16:35:00,open,,,,SOLUSDT
SOLUSDT,172.09,1.0,buy,2025-05-16 17:59:55,172.09,2025-05-15 16:35:00,closed,169.99,2025-05-15 22:40:00,-2.0999999999999943,SOLUSDT
SOLUSDT,167.25,1.0,buy,2025-05-16 17:59:55,167.25,2025-05-15 23:15:00,open,,,,SOLUSDT
SOLUSDT,167.25,1.0,buy,2025-05-16 17:59:55,167.25,2025-05-15 23:15:00,closed,173.2,2025-05-16 02:25:00,5.949999999999989,SOLUSDT
SOLUSDT,172.45,1.0,buy,2025-05-16 17:59:55,172.45,2025-05-16 02:40:00,open,,,,SOLUSDT
SOLUSDT,172.45,1.0,buy,2025-05-16 17:59:55,172.45,2025-05-16 02:40:00,closed,172.97,2025-05-16 05:50:00,0.5200000000000102,SOLUSDT
SOLUSDT,173.02,1.0,buy,2025-05-16 17:59:55,173.02,2025-05-16 06:30:00,open,,,,SOLUSDT
USDCUSDT,0.9992,1.0,buy,2025-05-16 17:59:55,0.9992,2025-05-15 14:20:00,open,,,,USDCUSDT
USDCUSDT,0.9992,1.0,buy,2025-05-16 17:59:55,0.9992,2025-05-15 14:20:00,closed,0.9994,2025-05-15 15:45:00,0.00019999999999997797,USDCUSDT
USDCUSDT,0.9991,1.0,buy,2025-05-16 17:59:55,0.9991,2025-05-15 18:45:00,open,,,,USDCUSDT
USDCUSDT,0.9991,1.0,buy,2025-05-16 17:59:55,0.9991,2025-05-15 18:45:00,closed,0.9993,2025-05-15 23:30:00,0.00019999999999997797,USDCUSDT
USDCUSDT,0.9992,1.0,buy,2025-05-16 17:59:55,0.9992,2025-05-16 03:20:00,open,,,,USDCUSDT
USDCUSDT,0.9992,1.0,buy,2025-05-16 17:59:55,0.9992,2025-05-16 03:20:00,closed,0.9992,2025-05-16 07:30:00,0.0,USDCUSDT
DOGEUSDT,0.224069,1.0,buy,2025-05-16 17:59:55,0.224069,2025-05-15 10:10:00,open,,,,DOGEUSDT
DOGEUSDT,0.224069,1.0,buy,2025-05-16 17:59:55,0.224069,2025-05-15 10:10:00,closed,0.226688,2025-05-15 11:55:00,0.00261900000000001,DOGEUSDT
DOGEUSDT,0.226266,1.0,buy,2025-05-16 17:59:55,0.226266,2025-05-15 12:25:00,open,,,,DOGEUSDT
DOGEUSDT,0.226266,1.0,buy,2025-05-16 17:59:55,0.226266,2025-05-15 12:25:00,closed,0.223458,2025-05-15 16:05:00,-0.002808000000000005,DOGEUSDT
DOGEUSDT,0.224445,1.0,buy,2025-05-16 17:59:55,0.224445,2025-05-15 16:35:00,open,,,,DOGEUSDT
DOGEUSDT,0.224445,1.0,buy,2025-05-16 17:59:55,0.224445,2025-05-15 16:35:00,closed,0.222159,2025-05-15 22:40:00,-0.0022860000000000102,DOGEUSDT
DOGEUSDT,0.214467,1.0,buy,2025-05-16 17:59:55,0.214467,2025-05-15 23:15:00,open,,,,DOGEUSDT
DOGEUSDT,0.214467,1.0,buy,2025-05-16 17:59:55,0.214467,2025-05-15 23:15:00,closed,0.220305,2025-05-16 00:25:00,0.00583800000000001,DOGEUSDT
DOGEUSDT,0.221454,1.0,buy,2025-05-16 17:59:55,0.221454,2025-05-16 00:45:00,open,,,,DOGEUSDT
DOGEUSDT,0.221454,1.0,buy,2025-05-16 17:59:55,0.221454,2025-05-16 00:45:00,closed,0.225605,2025-05-16 02:25:00,0.004150999999999988,DOGEUSDT
DOGEUSDT,0.224576,1.0,buy,2025-05-16 17:59:55,0.224576,2025-05-16 02:40:00,open,,,,DOGEUSDT
DOGEUSDT,0.224576,1.0,buy,2025-05-16 17:59:55,0.224576,2025-05-16 02:40:00,closed,0.226745,2025-05-16 05:50:00,0.0021690000000000043,DOGEUSDT
DOGEUSDT,0.226495,1.0,buy,2025-05-16 17:59:55,0.226495,2025-05-16 06:00:00,open,,,,DOGEUSDT
ADAUSDT,0.7648,1.0,buy,2025-05-16 17:59:56,0.7648,2025-05-15 10:10:00,open,,,,ADAUSDT
ADAUSDT,0.7648,1.0,buy,2025-05-16 17:59:56,0.7648,2025-05-15 10:10:00,closed,0.7726,2025-05-15 16:15:00,0.007799999999999918,ADAUSDT
ADAUSDT,0.7861,1.0,buy,2025-05-16 17:59:56,0.7861,2025-05-15 17:00:00,open,,,,ADAUSDT
ADAUSDT,0.7861,1.0,buy,2025-05-16 17:59:56,0.7861,2025-05-15 17:00:00,closed,0.7903,2025-05-15 17:45:00,0.0041999999999999815,ADAUSDT
ADAUSDT,0.7763,1.0,buy,2025-05-16 17:59:56,0.7763,2025-05-15 18:30:00,open,,,,ADAUSDT
ADAUSDT,0.7763,1.0,buy,2025-05-16 17:59:56,0.7763,2025-05-15 18:30:00,closed,0.7692,2025-05-15 22:40:00,-0.007099999999999995,ADAUSDT
ADAUSDT,0.7494,1.0,buy,2025-05-16 17:59:56,0.7494,2025-05-15 23:15:00,open,,,,ADAUSDT
ADAUSDT,0.7494,1.0,buy,2025-05-16 17:59:56,0.7494,2025-05-15 23:15:00,closed,0.7795,2025-05-16 02:25:00,0.030100000000000016,ADAUSDT
ADAUSDT,0.7772,1.0,buy,2025-05-16 17:59:56,0.7772,2025-05-16 02:40:00,open,,,,ADAUSDT
ADAUSDT,0.7772,1.0,buy,2025-05-16 17:59:56,0.7772,2025-05-16 02:40:00,closed,0.7835,2025-05-16 06:05:00,0.006299999999999972,ADAUSDT
ADAUSDT,0.7825,1.0,buy,2025-05-16 17:59:56,0.7825,2025-05-16 06:50:00,open,,,,ADAUSDT
TRXUSDT,0.267904,1.0,buy,2025-05-16 17:59:56,0.267904,2025-05-15 10:10:00,open,,,,TRXUSDT
TRXUSDT,0.267904,1.0,buy,2025-05-16 17:59:56,0.267904,2025-05-15 10:10:00,closed,0.269441,2025-05-15 11:55:00,0.0015370000000000106,TRXUSDT
TRXUSDT,0.26946,1.0,buy,2025-05-16 17:59:56,0.26946,2025-05-15 12:15:00,open,,,,TRXUSDT
TRXUSDT,0.26946,1.0,buy,2025-05-16 17:59:56,0.26946,2025-05-15 12:15:00,closed,0.273431,2025-05-15 15:20:00,0.003971000000000002,TRXUSDT
TRXUSDT,0.27447,1.0,buy,2025-05-16 17:59:56,0.27447,2025-05-15 16:25:00,open,,,,TRXUSDT
TRXUSDT,0.27447,1.0,buy,2025-05-16 17:59:56,0.27447,2025-05-15 16:25:00,closed,0.276093,2025-05-15 16:55:00,0.0016229999999999856,TRXUSDT
TRXUSDT,0.27542,1.0,buy,2025-05-16 17:59:56,0.27542,2025-05-15 17:10:00,open,,,,TRXUSDT
TRXUSDT,0.27542,1.0,buy,2025-05-16 17:59:56,0.27542,2025-05-15 17:10:00,closed,0.27579,2025-05-15 17:20:00,0.00036999999999998145,TRXUSDT
TRXUSDT,0.275665,1.0,buy,2025-05-16 17:59:56,0.275665,2025-05-15 17:35:00,open,,,,TRXUSDT
TRXUSDT,0.275665,1.0,buy,2025-05-16 17:59:56,0.275665,2025-05-15 17:35:00,closed,0.276109,2025-05-16 03:45:00,0.00044399999999999995,TRXUSDT
TRXUSDT,0.276595,1.0,buy,2025-05-16 17:59:56,0.276595,2025-05-16 04:15:00,open,,,,TRXUSDT
SUIUSDT,3.7123,1.0,buy,2025-05-16 17:59:56,3.7123,2025-05-15 10:10:00,open,,,,SUIUSDT
SUIUSDT,3.7123,1.0,buy,2025-05-16 17:59:56,3.7123,2025-05-15 10:10:00,closed,3.7806,2025-05-15 16:05:00,0.06830000000000025,SUIUSDT
SUIUSDT,3.7822,1.0,buy,2025-05-16 17:59:56,3.7822,2025-05-15 16:30:00,open,,,,SUIUSDT
SUIUSDT,3.7822,1.0,buy,2025-05-16 17:59:56,3.7822,2025-05-15 16:30:00,closed,3.913,2025-05-15 18:00:00,0.1307999999999998,SUIUSDT
SUIUSDT,3.8401,1.0,buy,2025-05-16 17:59:56,3.8401,2025-05-15 18:50:00,open,,,,SUIUSDT
SUIUSDT,3.8401,1.0,buy,2025-05-16 17:59:56,3.8401,2025-05-15 18:50:00,closed,3.8883,2025-05-15 22:30:00,0.04820000000000002,SUIUSDT
SUIUSDT,3.7924,1.0,buy,2025-05-16 17:59:57,3.7924,2025-05-15 23:15:00,open,,,,SUIUSDT
SUIUSDT,3.7924,1.0,buy,2025-05-16 17:59:57,3.7924,2025-05-15 23:15:00,closed,3.9262,2025-05-16 02:25:00,0.13379999999999992,SUIUSDT
SUIUSDT,3.9282,1.0,buy,2025-05-16 17:59:57,3.9282,2025-05-16 02:35:00,open,,,,SUIUSDT
BTCUSDT,103894.22,1.0,buy,2025-05-17 11:19:10,103894.22,2025-05-16 04:30:00,open,,,,BTCUSDT
BTCUSDT,103894.22,1.0,buy,2025-05-17 11:19:10,103894.22,2025-05-16 04:30:00,closed,104062.68,2025-05-16 07:20:00,168.45999999999185,BTCUSDT
BTCUSDT,103742.5,1.0,buy,2025-05-17 11:19:10,103742.5,2025-05-16 07:50:00,open,,,,BTCUSDT
BTCUSDT,103742.5,1.0,buy,2025-05-17 11:19:10,103742.5,2025-05-16 07:50:00,closed,103733.74,2025-05-16 09:30:00,-8.759999999994761,BTCUSDT
BTCUSDT,103658.57,1.0,buy,2025-05-17 11:19:10,103658.57,2025-05-16 11:20:00,open,,,,BTCUSDT
BTCUSDT,103658.57,1.0,buy,2025-05-17 11:19:10,103658.57,2025-05-16 11:20:00,closed,103841.3,2025-05-16 13:35:00,182.72999999999593,BTCUSDT
BTCUSDT,103345.07,1.0,buy,2025-05-17 11:19:10,103345.07,2025-05-16 14:40:00,open,,,,BTCUSDT
BTCUSDT,103345.07,1.0,buy,2025-05-17 11:19:10,103345.07,2025-05-16 14:40:00,closed,103937.07,2025-05-16 15:50:00,592.0,BTCUSDT
BTCUSDT,103840.5,1.0,buy,2025-05-17 11:19:10,103840.5,2025-05-16 18:25:00,open,,,,BTCUSDT
ETHUSDT,2573.65,1.0,buy,2025-05-17 11:19:11,2573.65,2025-05-16 03:10:00,open,,,,ETHUSDT
XRPUSDT,2.3737,1.0,buy,2025-05-17 11:19:11,2.3737,2025-05-16 08:35:00,open,,,,XRPUSDT
XRPUSDT,2.3737,1.0,buy,2025-05-17 11:19:11,2.3737,2025-05-16 08:35:00,closed,2.4135,2025-05-16 09:45:00,0.03980000000000006,XRPUSDT
XRPUSDT,2.3909,1.0,buy,2025-05-17 11:19:11,2.3909,2025-05-16 20:40:00,open,,,,XRPUSDT
BNBUSDT,655.3,1.0,buy,2025-05-17 11:19:11,655.3,2025-05-16 04:40:00,open,,,,BNBUSDT
BNBUSDT,655.3,1.0,buy,2025-05-17 11:19:11,655.3,2025-05-16 04:40:00,closed,658.47,2025-05-16 05:50:00,3.1700000000000728,BNBUSDT
BNBUSDT,654.13,1.0,buy,2025-05-17 11:19:11,654.13,2025-05-16 08:30:00,open,,,,BNBUSDT
BNBUSDT,654.13,1.0,buy,2025-05-17 11:19:11,654.13,2025-05-16 08:30:00,closed,655.46,2025-05-16 09:45:00,1.330000000000041,BNBUSDT
BNBUSDT,654.8,1.0,buy,2025-05-17 11:19:11,654.8,2025-05-16 11:55:00,open,,,,BNBUSDT
BNBUSDT,654.8,1.0,buy,2025-05-17 11:19:11,654.8,2025-05-16 11:55:00,closed,653.65,2025-05-16 16:00:00,-1.1499999999999773,BNBUSDT
BNBUSDT,649.2,1.0,buy,2025-05-17 11:19:11,649.2,2025-05-16 18:00:00,open,,,,BNBUSDT
SOLUSDT,171.32,1.0,buy,2025-05-17 11:19:11,171.32,2025-05-16 04:40:00,open,,,,SOLUSDT
SOLUSDT,171.32,1.0,buy,2025-05-17 11:19:11,171.32,2025-05-16 04:40:00,closed,172.97,2025-05-16 05:50:00,1.6500000000000057,SOLUSDT
SOLUSDT,169.54,1.0,buy,2025-05-17 11:19:11,169.54,2025-05-16 08:35:00,open,,,,SOLUSDT
SOLUSDT,169.54,1.0,buy,2025-05-17 11:19:11,169.54,2025-05-16 08:35:00,closed,171.98,2025-05-16 09:45:00,2.4399999999999977,SOLUSDT
SOLUSDT,171.45,1.0,buy,2025-05-17 11:19:11,171.45,2025-05-16 14:55:00,open,,,,SOLUSDT
SOLUSDT,171.45,1.0,buy,2025-05-17 11:19:11,171.45,2025-05-16 14:55:00,closed,171.48,2025-05-16 19:55:00,0.030000000000001137,SOLUSDT
SOLUSDT,169.34,1.0,buy,2025-05-17 11:19:12,169.34,2025-05-16 20:40:00,open,,,,SOLUSDT
USDCUSDT,0.999,1.0,buy,2025-05-17 11:19:12,0.999,2025-05-16 04:15:00,open,,,,USDCUSDT
USDCUSDT,0.999,1.0,buy,2025-05-17 11:19:12,0.999,2025-05-16 04:15:00,closed,0.9992,2025-05-16 07:30:00,0.00019999999999997797,USDCUSDT
USDCUSDT,0.999,1.0,buy,2025-05-17 11:19:12,0.999,2025-05-16 12:05:00,open,,,,USDCUSDT
USDCUSDT,0.999,1.0,buy,2025-05-17 11:19:12,0.999,2025-05-16 12:05:00,closed,0.9989,2025-05-16 18:40:00,-9.999999999998899e-05,USDCUSDT
USDCUSDT,0.9988,1.0,buy,2025-05-17 11:19:12,0.9988,2025-05-16 18:45:00,open,,,,USDCUSDT
USDCUSDT,0.9988,1.0,buy,2025-05-17 11:19:12,0.9988,2025-05-16 18:45:00,closed,0.999,2025-05-16 19:30:00,0.00019999999999997797,USDCUSDT
USDCUSDT,0.9988,1.0,buy,2025-05-17 11:19:12,0.9988,2025-05-16 20:55:00,open,,,,USDCUSDT
USDCUSDT,0.9988,1.0,buy,2025-05-17 11:19:12,0.9988,2025-05-16 20:55:00,closed,0.999,2025-05-16 23:45:00,0.00019999999999997797,USDCUSDT
DOGEUSDT,0.223877,1.0,buy,2025-05-17 11:19:12,0.223877,2025-05-16 04:40:00,open,,,,DOGEUSDT
DOGEUSDT,0.223877,1.0,buy,2025-05-17 11:19:12,0.223877,2025-05-16 04:40:00,closed,0.227474,2025-05-16 05:25:00,0.003597000000000017,DOGEUSDT
DOGEUSDT,0.225515,1.0,buy,2025-05-17 11:19:12,0.225515,2025-05-16 07:00:00,open,,,,DOGEUSDT
DOGEUSDT,0.225515,1.0,buy,2025-05-17 11:19:12,0.225515,2025-05-16 07:00:00,closed,0.228357,2025-05-16 13:20:00,0.002842000000000011,DOGEUSDT
DOGEUSDT,0.225,1.0,buy,2025-05-17 11:19:12,0.225,2025-05-16 14:40:00,open,,,,DOGEUSDT
DOGEUSDT,0.225,1.0,buy,2025-05-17 11:19:12,0.225,2025-05-16 14:40:00,closed,0.230504,2025-05-16 16:00:00,0.005503999999999981,DOGEUSDT
DOGEUSDT,0.225163,1.0,buy,2025-05-17 11:19:12,0.225163,2025-05-16 17:50:00,open,,,,DOGEUSDT
DOGEUSDT,0.225163,1.0,buy,2025-05-17 11:19:12,0.225163,2025-05-16 17:50:00,closed,0.22689,2025-05-16 19:55:00,0.0017270000000000063,DOGEUSDT
DOGEUSDT,0.223133,1.0,buy,2025-05-17 11:19:12,0.223133,2025-05-16 20:30:00,open,,,,DOGEUSDT
ADAUSDT,0.7752,1.0,buy,2025-05-17 11:19:13,0.7752,2025-05-16 04:30:00,open,,,,ADAUSDT
ADAUSDT,0.7752,1.0,buy,2025-05-17 11:19:13,0.7752,2025-05-16 04:30:00,closed,0.7852,2025-05-16 05:40:00,0.010000000000000009,ADAUSDT
ADAUSDT,0.7688,1.0,buy,2025-05-17 11:19:13,0.7688,2025-05-16 08:25:00,open,,,,ADAUSDT
ADAUSDT,0.7688,1.0,buy,2025-05-17 11:19:13,0.7688,2025-05-16 08:25:00,closed,0.7777,2025-05-16 09:45:00,0.008899999999999908,ADAUSDT
ADAUSDT,0.77,1.0,buy,2025-05-17 11:19:13,0.77,2025-05-16 14:40:00,open,,,,ADAUSDT
ADAUSDT,0.77,1.0,buy,2025-05-17 11:19:13,0.77,2025-05-16 14:40:00,closed,0.7815,2025-05-16 16:00:00,0.011499999999999955,ADAUSDT
ADAUSDT,0.7613,1.0,buy,2025-05-17 11:19:13,0.7613,2025-05-16 20:40:00,open,,,,ADAUSDT
TRXUSDT,0.275595,1.0,buy,2025-05-17 11:19:13,0.275595,2025-05-16 03:10:00,open,,,,TRXUSDT
SUIUSDT,3.8432,1.0,buy,2025-05-17 11:19:13,3.8432,2025-05-16 08:30:00,open,,,,SUIUSDT
SUIUSDT,3.8432,1.0,buy,2025-05-17 11:19:13,3.8432,2025-05-16 08:30:00,closed,3.8876,2025-05-16 09:45:00,0.044399999999999995,SUIUSDT
SUIUSDT,3.8372,1.0,buy,2025-05-17 11:19:13,3.8372,2025-05-16 17:10:00,open,,,,SUIUSDT
SUIUSDT,3.8372,1.0,buy,2025-05-17 11:19:13,3.8372,2025-05-16 17:10:00,closed,3.8737,2025-05-16 19:30:00,0.036499999999999755,SUIUSDT
SUIUSDT,3.8176,1.0,buy,2025-05-17 11:19:13,3.8176,2025-05-16 20:40:00,open,,,,SUIUSDT
BTCUSDT,103894.22,1.0,buy,2025-05-17 11:23:34,103894.22,2025-05-16 04:30:00,open,,,,BTCUSDT
BTCUSDT,103894.22,1.0,buy,2025-05-17 11:23:34,103894.22,2025-05-16 04:30:00,closed,104062.68,2025-05-16 07:20:00,168.45999999999185,BTCUSDT
BTCUSDT,103742.5,1.0,buy,2025-05-17 11:23:34,103742.5,2025-05-16 07:50:00,open,,,,BTCUSDT
BTCUSDT,103742.5,1.0,buy,2025-05-17 11:23:34,103742.5,2025-05-16 07:50:00,closed,103733.74,2025-05-16 09:30:00,-8.759999999994761,BTCUSDT
BTCUSDT,103658.57,1.0,buy,2025-05-17 11:23:34,103658.57,2025-05-16 11:20:00,open,,,,BTCUSDT
BTCUSDT,103658.57,1.0,buy,2025-05-17 11:23:34,103658.57,2025-05-16 11:20:00,closed,103841.3,2025-05-16 13:35:00,182.72999999999593,BTCUSDT
BTCUSDT,103345.07,1.0,buy,2025-05-17 11:23:34,103345.07,2025-05-16 14:40:00,open,,,,BTCUSDT
BTCUSDT,103345.07,1.0,buy,2025-05-17 11:23:34,103345.07,2025-05-16 14:40:00,closed,103937.07,2025-05-16 15:50:00,592.0,BTCUSDT
BTCUSDT,103840.5,1.0,buy,2025-05-17 11:23:34,103840.5,2025-05-16 18:25:00,open,,,,BTCUSDT
ETHUSDT,2578.76,1.0,buy,2025-05-17 11:23:35,2578.76,2025-05-16 03:20:00,open,,,,ETHUSDT
XRPUSDT,2.3737,1.0,buy,2025-05-17 11:23:35,2.3737,2025-05-16 08:35:00,open,,,,XRPUSDT
XRPUSDT,2.3737,1.0,buy,2025-05-17 11:23:35,2.3737,2025-05-16 08:35:00,closed,2.4135,2025-05-16 09:45:00,0.03980000000000006,XRPUSDT
XRPUSDT,2.3909,1.0,buy,2025-05-17 11:23:35,2.3909,2025-05-16 20:40:00,open,,,,XRPUSDT
BNBUSDT,655.3,1.0,buy,2025-05-17 11:23:35,655.3,2025-05-16 04:40:00,open,,,,BNBUSDT
BNBUSDT,655.3,1.0,buy,2025-05-17 11:23:35,655.3,2025-05-16 04:40:00,closed,658.47,2025-05-16 05:50:00,3.1700000000000728,BNBUSDT
BNBUSDT,654.13,1.0,buy,2025-05-17 11:23:35,654.13,2025-05-16 08:30:00,open,,,,BNBUSDT
BNBUSDT,654.13,1.0,buy,2025-05-17 11:23:35,654.13,2025-05-16 08:30:00,closed,655.46,2025-05-16 09:45:00,1.330000000000041,BNBUSDT
BNBUSDT,654.8,1.0,buy,2025-05-17 11:23:35,654.8,2025-05-16 11:55:00,open,,,,BNBUSDT
BNBUSDT,654.8,1.0,buy,2025-05-17 11:23:35,654.8,2025-05-16 11:55:00,closed,653.65,2025-05-16 16:00:00,-1.1499999999999773,BNBUSDT
BNBUSDT,649.2,1.0,buy,2025-05-17 11:23:35,649.2,2025-05-16 18:00:00,open,,,,BNBUSDT
SOLUSDT,171.32,1.0,buy,2025-05-17 11:23:35,171.32,2025-05-16 04:40:00,open,,,,SOLUSDT
SOLUSDT,171.32,1.0,buy,2025-05-17 11:23:35,171.32,2025-05-16 04:40:00,closed,172.97,2025-05-16 05:50:00,1.6500000000000057,SOLUSDT
SOLUSDT,169.54,1.0,buy,2025-05-17 11:23:35,169.54,2025-05-16 08:35:00,open,,,,SOLUSDT
SOLUSDT,169.54,1.0,buy,2025-05-17 11:23:35,169.54,2025-05-16 08:35:00,closed,171.98,2025-05-16 09:45:00,2.4399999999999977,SOLUSDT
SOLUSDT,171.45,1.0,buy,2025-05-17 11:23:35,171.45,2025-05-16 14:55:00,open,,,,SOLUSDT
SOLUSDT,171.45,1.0,buy,2025-05-17 11:23:35,171.45,2025-05-16 14:55:00,closed,171.48,2025-05-16 19:55:00,0.030000000000001137,SOLUSDT
SOLUSDT,169.34,1.0,buy,2025-05-17 11:23:35,169.34,2025-05-16 20:40:00,open,,,,SOLUSDT
USDCUSDT,0.999,1.0,buy,2025-05-17 11:23:36,0.999,2025-05-16 04:15:00,open,,,,USDCUSDT
USDCUSDT,0.999,1.0,buy,2025-05-17 11:23:36,0.999,2025-05-16 04:15:00,closed,0.9992,2025-05-16 07:30:00,0.00019999999999997797,USDCUSDT
USDCUSDT,0.999,1.0,buy,2025-05-17 11:23:36,0.999,2025-05-16 12:05:00,open,,,,USDCUSDT
USDCUSDT,0.999,1.0,buy,2025-05-17 11:23:36,0.999,2025-05-16 12:05:00,closed,0.9989,2025-05-16 18:40:00,-9.999999999998899e-05,USDCUSDT
USDCUSDT,0.9988,1.0,buy,2025-05-17 11:23:36,0.9988,2025-05-16 18:45:00,open,,,,USDCUSDT
USDCUSDT,0.9988,1.0,buy,2025-05-17 11:23:36,0.9988,2025-05-16 18:45:00,closed,0.999,2025-05-16 19:30:00,0.00019999999999997797,USDCUSDT
USDCUSDT,0.9988,1.0,buy,2025-05-17 11:23:36,0.9988,2025-05-16 20:55:00,open,,,,USDCUSDT
USDCUSDT,0.9988,1.0,buy,2025-05-17 11:23:36,0.9988,2025-05-16 20:55:00,closed,0.999,2025-05-16 23:45:00,0.00019999999999997797,USDCUSDT
DOGEUSDT,0.225515,1.0,buy,2025-05-17 11:23:36,0.225515,2025-05-16 07:00:00,open,,,,DOGEUSDT
DOGEUSDT,0.225515,1.0,buy,2025-05-17 11:23:36,0.225515,2025-05-16 07:00:00,closed,0.228357,2025-05-16 13:20:00,0.002842000000000011,DOGEUSDT
DOGEUSDT,0.225,1.0,buy,2025-05-17 11:23:36,0.225,2025-05-16 14:40:00,open,,,,DOGEUSDT
DOGEUSDT,0.225,1.0,buy,2025-05-17 11:23:36,0.225,2025-05-16 14:40:00,closed,0.230504,2025-05-16 16:00:00,0.005503999999999981,DOGEUSDT
DOGEUSDT,0.225163,1.0,buy,2025-05-17 11:23:36,0.225163,2025-05-16 17:50:00,open,,,,DOGEUSDT
DOGEUSDT,0.225163,1.0,buy,2025-05-17 11:23:36,0.225163,2025-05-16 17:50:00,closed,0.22689,2025-05-16 19:55:00,0.0017270000000000063,DOGEUSDT
DOGEUSDT,0.223133,1.0,buy,2025-05-17 11:23:36,0.223133,2025-05-16 20:30:00,open,,,,DOGEUSDT
ADAUSDT,0.7752,1.0,buy,2025-05-17 11:23:36,0.7752,2025-05-16 04:30:00,open,,,,ADAUSDT
ADAUSDT,0.7752,1.0,buy,2025-05-17 11:23:36,0.7752,2025-05-16 04:30:00,closed,0.7852,2025-05-16 05:40:00,0.010000000000000009,ADAUSDT
ADAUSDT,0.7688,1.0,buy,2025-05-17 11:23:36,0.7688,2025-05-16 08:25:00,open,,,,ADAUSDT
ADAUSDT,0.7688,1.0,buy,2025-05-17 11:23:36,0.7688,2025-05-16 08:25:00,closed,0.7777,2025-05-16 09:45:00,0.008899999999999908,ADAUSDT
ADAUSDT,0.77,1.0,buy,2025-05-17 11:23:37,0.77,2025-05-16 14:40:00,open,,,,ADAUSDT
ADAUSDT,0.77,1.0,buy,2025-05-17 11:23:37,0.77,2025-05-16 14:40:00,closed,0.7815,2025-05-16 16:00:00,0.011499999999999955,ADAUSDT
ADAUSDT,0.7613,1.0,buy,2025-05-17 11:23:37,0.7613,2025-05-16 20:40:00,open,,,,ADAUSDT
TRXUSDT,0.275605,1.0,buy,2025-05-17 11:23:37,0.275605,2025-05-16 03:40:00,open,,,,TRXUSDT
SUIUSDT,3.8458,1.0,buy,2025-05-17 11:23:37,3.8458,2025-05-16 08:20:00,open,,,,SUIUSDT
SUIUSDT,3.8458,1.0,buy,2025-05-17 11:23:37,3.8458,2025-05-16 08:20:00,closed,3.9234,2025-05-16 10:35:00,0.07759999999999989,SUIUSDT
SUIUSDT,3.8878,1.0,buy,2025-05-17 11:23:37,3.8878,2025-05-16 12:20:00,open,,,,SUIUSDT
SUIUSDT,3.8878,1.0,buy,2025-05-17 11:23:37,3.8878,2025-05-16 12:20:00,closed,3.917,2025-05-16 13:50:00,0.029199999999999893,SUIUSDT
SUIUSDT,3.856,1.0,buy,2025-05-17 11:23:37,3.856,2025-05-16 14:40:00,open,,,,SUIUSDT
SUIUSDT,3.856,1.0,buy,2025-05-17 11:23:37,3.856,2025-05-16 14:40:00,closed,3.8737,2025-05-16 19:30:00,0.01770000000000005,SUIUSDT
SUIUSDT,3.8319,1.0,buy,2025-05-17 11:23:37,3.8319,2025-05-16 20:30:00,open,,,,SUIUSDT
